brightness_mean,brightness_std,bright_pixel_frac,nir_red_ratio,color_std,n_images,date,site,factory
1672.5977924266222,323.61376716737135,0.6669512944873286,1.2159622092409075,207.3780971158479,6.0,2022-01-01,giga_tx_north,Giga Texas
2721.202057829738,378.91128166181056,0.9987344785675799,1.1833192423566419,558.058407183705,6.0,2022-01-01,giga_tx_west,Giga Texas
2522.244256305767,361.74153340989994,1.0,1.2121656960100982,518.6618934008326,6.0,2022-01-01,giga_tx_west_small,Giga Texas
1469.8364367389504,732.2159185611024,0.4433168973013095,1.6451817473237478,448.508551330815,6.0,2022-01-01,giga_tx_east,Giga Texas
1325.0476841215761,251.70159367699537,0.2091222371860889,1.1630574903532662,121.73680025711994,3.0,2022-01-01,fremont_1,Fremont
1340.719407870268,285.5049013693444,0.29874284013985003,1.2858553736493377,116.88571073729261,3.0,2022-01-01,fremont_2,Fremont
1536.9781958304154,467.79437052117805,0.4516483308401659,1.153514289430377,142.36018432095153,3.0,2022-01-01,fremont_3,Fremont
969.8237766871677,171.7612446111387,0.0,2.030848150221859,167.92739029497739,3.0,2022-01-01,fremont_4,Fremont
1459.204413000461,325.39944427786287,0.4159551110026837,1.2036251718303217,139.79828344918602,3.0,2022-01-01,fremont_5,Fremont
1375.900470999866,157.87073203047154,0.16100121114251115,1.093892440098214,152.16557834335177,3.0,2022-01-01,fremont_6,Fremont
1030.4272364980989,156.5805916483129,0.0,1.2501171323720401,78.71649314404351,3.0,2022-01-01,fremont_7,Fremont
1435.450641983827,242.13993009846146,0.5192135219041049,1.3966407617275345,75.0978631649216,3.0,2022-01-01,fremont_8,Fremont
937.3411854422276,370.6069656515979,0.04117978665761807,1.1472146606656088,108.20150047155508,3.0,2022-01-01,berlin_1,Giga Berlin
2384.7692040607135,1703.9221389485124,0.5548592969809201,1.0604955541615542,139.34203451921374,3.0,2022-01-01,berlin_2,Giga Berlin
1436.624620048438,1031.1391194032756,0.2202296776710392,1.1305694731162437,167.59711433744752,3.0,2022-01-01,berlin_3,Giga Berlin
750.6235173083517,146.06429743450852,0.0,1.9773883197036948,104.42397543257853,3.0,2022-01-01,berlin_4,Giga Berlin
1593.7213322859038,336.01035514612767,0.5711455700525995,1.2372551844715771,192.79849289881525,6.0,2022-02-01,giga_tx_north,Giga Texas
2120.6455763134522,453.3286102948189,0.9132278314475806,1.2367310527798396,520.0848689723234,6.0,2022-02-01,giga_tx_west,Giga Texas
2454.4189910770738,433.39480757713415,1.0,1.238201749197465,538.47279757372,6.0,2022-02-01,giga_tx_west_small,Giga Texas
1238.1515372697347,554.0489607852955,0.2741742219394518,1.5627076828481574,382.14455321263756,6.0,2022-02-01,giga_tx_east,Giga Texas
1477.8337327365384,247.5051838232839,0.42053196545987487,1.158399889423393,122.2333689391368,5.0,2022-02-01,fremont_1,Fremont
1403.0612338515703,240.43967405606998,0.3002120062486055,1.3029497448232121,127.58926062703237,5.0,2022-02-01,fremont_2,Fremont
1413.7330164801526,415.8632731646627,0.2687981670485315,1.1520936815747957,121.90741757739858,5.0,2022-02-01,fremont_3,Fremont
1712.1157565591936,1125.632815031784,0.25731502764490277,1.161868580259796,148.92200619693935,5.0,2022-02-01,fremont_4,Fremont
1428.1785801414987,240.61994346637366,0.37533544767016364,1.1724290960393842,132.73566524078498,5.0,2022-02-01,fremont_5,Fremont
1228.9070649979817,157.38329928017347,0.02236576503835285,1.1041920834687209,127.93575515589828,5.0,2022-02-01,fremont_6,Fremont
911.5058407387345,96.78613078588896,0.0,1.2277022074427573,93.1548635355844,5.0,2022-02-01,fremont_7,Fremont
1297.9165880955127,205.40081419905383,0.11437277222030585,1.3892533614046294,76.68877457019417,5.0,2022-02-01,fremont_8,Fremont
,,,,,,2022-02-01,berlin_1,Giga Berlin
,,,,,,2022-02-01,berlin_2,Giga Berlin
,,,,,,2022-02-01,berlin_3,Giga Berlin
,,,,,,2022-02-01,berlin_4,Giga Berlin
1819.7975499237211,309.17960380732677,0.9283762552086893,1.2044156285243264,265.4782346623815,7.0,2022-03-01,giga_tx_north,Giga Texas
1202.1924152246836,386.6584184087915,0.16864514027240057,1.1759911487731938,176.2374741980084,7.0,2022-03-01,giga_tx_west,Giga Texas
2450.399119417315,386.76642269055014,1.0,1.2531992208905496,667.9439326134908,7.0,2022-03-01,giga_tx_west_small,Giga Texas
1410.8109149391146,624.0922894245132,0.40754643620875525,1.6869050654001654,421.8188963067333,7.0,2022-03-01,giga_tx_east,Giga Texas
1485.100606696772,249.61900394386308,0.43702962845599314,1.206110416861246,115.78095415557426,2.0,2022-03-01,fremont_1,Fremont
1384.1829421756065,212.30810678867581,0.28096407051997346,1.3538619669094836,125.40127352851785,2.0,2022-03-01,fremont_2,Fremont
1453.7871324155951,467.1017320765565,0.33841434549620353,1.174940169829346,116.5794099991561,2.0,2022-03-01,fremont_3,Fremont
1430.5968399908882,497.6460630749109,0.21879853388830217,1.1949136757518708,139.4614158637573,2.0,2022-03-01,fremont_4,Fremont
1400.291683608469,204.28166545991115,0.32568919248597233,1.1905420325261542,130.0995424663384,2.0,2022-03-01,fremont_5,Fremont
1304.2636118961116,189.0066750965704,0.06419055308841341,1.1173819136895706,123.70603861869294,2.0,2022-03-01,fremont_6,Fremont
948.3405013607221,97.01227139030578,0.0,1.218028841519474,92.67833751756145,2.0,2022-03-01,fremont_7,Fremont
1417.21991299682,211.33538338217835,0.42031735081062443,1.3402923852435602,75.18578105162406,2.0,2022-03-01,fremont_8,Fremont
1351.513547350744,419.96809214837253,0.3456524237730649,1.160220056989927,159.51575091475627,6.0,2022-03-01,berlin_1,Giga Berlin
2868.7309612777385,1386.5236018991195,0.9873516087430971,1.103574237507942,219.7180659175168,6.0,2022-03-01,berlin_2,Giga Berlin
1904.8332215828727,724.2654972127398,0.8464914419466522,1.1641808721281817,246.14649971878205,6.0,2022-03-01,berlin_3,Giga Berlin
920.7495483686242,162.15360978272227,0.0024517894858292976,1.848781331156734,164.42895012151055,6.0,2022-03-01,berlin_4,Giga Berlin
1774.5184666530054,187.5505258753841,0.9447708176788033,1.2244776677268778,242.47052392086567,4.0,2022-04-01,giga_tx_north,Giga Texas
1144.640480396948,223.14512076228186,0.06914007192171318,1.1999745253410279,126.3390870088202,4.0,2022-04-01,giga_tx_west,Giga Texas
3769.2204969671425,253.58432051842362,1.0,1.1512745717259791,499.2711437875312,4.0,2022-04-01,giga_tx_west_small,Giga Texas
1478.5947769942711,664.8705186788612,0.4547903080430518,1.948258774950108,428.5449504873576,4.0,2022-04-01,giga_tx_east,Giga Texas
1533.1285121075293,275.74517751589366,0.5209934247009427,1.2224894337336267,156.35342156467505,3.0,2022-04-01,fremont_1,Fremont
1411.2050571549012,231.22338872074664,0.3040429963549805,1.4153885102987214,164.39449422366027,3.0,2022-04-01,fremont_2,Fremont
1462.3641476207606,488.78617301160057,0.29619776182992175,1.2209966690224259,149.58162204560216,3.0,2022-04-01,fremont_3,Fremont
1705.9013894928657,317.9904810539787,0.6444679132757655,1.1911901132066904,153.18842415203264,3.0,2022-04-01,fremont_4,Fremont
1442.5117101732128,243.53423676336612,0.40314710905098805,1.197497505533563,176.42723094481752,3.0,2022-04-01,fremont_5,Fremont
1434.883703404656,268.410245831945,0.188292289059346,1.1036800799467614,127.59217480214588,3.0,2022-04-01,fremont_6,Fremont
1049.5080941204792,127.7728753000911,0.003380072616396863,1.2197793371156012,117.24692249035714,3.0,2022-04-01,fremont_7,Fremont
1581.342934345177,194.68997374135324,0.7411291249856273,1.2197664238557318,98.56082154267455,3.0,2022-04-01,fremont_8,Fremont
1258.534482963083,352.54061504805344,0.2017776707477944,1.160446825135862,119.81192814410483,2.0,2022-04-01,berlin_1,Giga Berlin
2028.181547126968,985.2025997361199,0.529413709864092,1.053772469700731,80.37075109691136,2.0,2022-04-01,berlin_2,Giga Berlin
2185.2499207587643,901.0066687002505,0.9638538060174575,1.129474130711664,218.88981165688213,2.0,2022-04-01,berlin_3,Giga Berlin
1935.7787422907497,1920.2623620369566,0.2243884147338126,1.8459039048827928,220.06294534759274,2.0,2022-04-01,berlin_4,Giga Berlin
1865.6468451852345,247.8240065383823,0.9144067217706128,1.2111811757787467,190.87009926982614,7.0,2022-05-01,giga_tx_north,Giga Texas
1456.2057019467316,351.6703734325523,0.4432156774298646,1.1726635466644877,155.5284710929859,7.0,2022-05-01,giga_tx_west,Giga Texas
3588.277898779831,229.04439942912836,1.0,1.162161268796249,487.51041359032655,7.0,2022-05-01,giga_tx_west_small,Giga Texas
1503.1360149397053,726.4210469834202,0.46688581376031657,2.4426150906970916,423.0290829724551,7.0,2022-05-01,giga_tx_east,Giga Texas
1684.5681923208956,249.04038811195161,0.7798166046106315,1.1851408471516351,139.315997373122,3.0,2022-05-01,fremont_1,Fremont
1620.0578429913962,220.77375706194874,0.6754072751617946,1.2983303493782643,155.35390678901746,3.0,2022-05-01,fremont_2,Fremont
1615.0403640655659,530.3694582871104,0.5817064626687622,1.1953045102696551,126.77728313398563,3.0,2022-05-01,fremont_3,Fremont
1728.1504214035733,293.5006998717881,0.806858420823756,1.1664255111029274,166.9249099156881,3.0,2022-05-01,fremont_4,Fremont
1691.2932964679742,208.7990056446767,0.794949987801903,1.1469062631896205,141.64691502041103,3.0,2022-05-01,fremont_5,Fremont
3226.9093796258926,1076.3851235688705,0.9164311667339524,1.017826674155443,134.29532590341935,3.0,2022-05-01,fremont_6,Fremont
1179.9897126771111,149.99070797668804,0.008043971033680368,1.1529815729474315,105.63997614576337,3.0,2022-05-01,fremont_7,Fremont
1717.4133532635776,147.5838082911635,0.9191445325974474,1.1164753221572823,99.88523888383209,3.0,2022-05-01,fremont_8,Fremont
,,,,,,2022-05-01,berlin_1,Giga Berlin
,,,,,,2022-05-01,berlin_2,Giga Berlin
,,,,,,2022-05-01,berlin_3,Giga Berlin
,,,,,,2022-05-01,berlin_4,Giga Berlin
2007.627604344559,226.8493891392328,0.9545050891454334,1.1451601460515595,192.10768184782884,7.0,2022-06-01,giga_tx_north,Giga Texas
1541.2096605645945,331.98011114686335,0.4946184014334227,1.1240812241034643,183.56582479267647,7.0,2022-06-01,giga_tx_west,Giga Texas
4094.6343474086066,316.08942947287807,1.0,1.0901644103101165,545.4984964058775,7.0,2022-06-01,giga_tx_west_small,Giga Texas
1693.5239748098677,801.4390736477873,0.5108848947563754,2.069628932587775,476.2404603047551,7.0,2022-06-01,giga_tx_east,Giga Texas
1648.4574189970679,267.375169246261,0.7094787293036521,1.1656095226883347,145.04337764685928,3.0,2022-06-01,fremont_1,Fremont
1607.1120471620932,229.51774896403592,0.6344565945101541,1.2721464741832649,173.41786790696096,3.0,2022-06-01,fremont_2,Fremont
1516.3266869907136,553.206679240237,0.44860919126697096,1.1875946480557067,131.7186861928212,3.0,2022-06-01,fremont_3,Fremont
1532.7315441800747,250.12850666168785,0.5246319189911163,1.1757102494090654,182.46593338592308,3.0,2022-06-01,fremont_4,Fremont
1639.82272098886,166.14302259403468,0.7570139058306906,1.1436621514434517,158.13835193725566,3.0,2022-06-01,fremont_5,Fremont
3129.0444354730184,1024.335755554929,0.900928542591845,1.03061564995322,138.5407332363706,3.0,2022-06-01,fremont_6,Fremont
1213.5179468148426,187.47767609599686,0.07160337806663859,1.1418542687228035,114.35096155285186,3.0,2022-06-01,fremont_7,Fremont
1728.014955348588,181.85929763512868,0.8925606530987698,1.104072303124439,108.61895907812928,3.0,2022-06-01,fremont_8,Fremont
1512.031329075257,328.32934307039557,0.5637372681447791,1.1895006772435497,216.4815029338167,3.0,2022-06-01,berlin_1,Giga Berlin
3463.7591680169335,1824.641999836509,1.0,1.0754094166849082,249.54455991045495,3.0,2022-06-01,berlin_2,Giga Berlin
2319.7492726061005,750.2630970779065,0.9844565270395474,1.1193436680027116,252.12373033193688,3.0,2022-06-01,berlin_3,Giga Berlin
979.6831337181387,184.19499585687717,0.010505837822939134,1.9690700198504445,149.1490633630151,3.0,2022-06-01,berlin_4,Giga Berlin
2009.2315390395527,178.91705162187637,0.9956622720131156,1.1007187604753375,193.9544052839016,6.0,2022-07-01,giga_tx_north,Giga Texas
1628.2556846136827,319.0018716579141,0.5999047726446898,1.09356233227908,185.81858080592156,6.0,2022-07-01,giga_tx_west,Giga Texas
4006.722616454719,276.05798008609094,1.0,1.0760515925066856,497.6100438749936,6.0,2022-07-01,giga_tx_west_small,Giga Texas
1822.08697606466,780.7494000976358,0.5421380980153048,1.7363606748597986,495.42963534023943,6.0,2022-07-01,giga_tx_east,Giga Texas
,,,,,,2022-07-01,fremont_1,Fremont
,,,,,,2022-07-01,fremont_2,Fremont
,,,,,,2022-07-01,fremont_3,Fremont
,,,,,,2022-07-01,fremont_4,Fremont
,,,,,,2022-07-01,fremont_5,Fremont
,,,,,,2022-07-01,fremont_6,Fremont
,,,,,,2022-07-01,fremont_7,Fremont
,,,,,,2022-07-01,fremont_8,Fremont
1172.1779951216306,338.0088332063853,0.16935214628566547,1.1782296983984195,152.20737797562037,2.0,2022-07-01,berlin_1,Giga Berlin
3390.4216736659973,1921.0420659389974,1.0,1.082597566135496,318.6708677081124,2.0,2022-07-01,berlin_2,Giga Berlin
2173.824990653595,763.3914751917295,0.9736065733651923,1.0953578973842728,246.21130270345742,2.0,2022-07-01,berlin_3,Giga Berlin
975.2798554779577,244.64051103893502,0.06165369194627218,1.848543661725871,155.6455493175122,2.0,2022-07-01,berlin_4,Giga Berlin
1754.847576109479,147.88905656907212,0.9307329735637682,1.125407676172245,182.7722104056626,3.0,2022-08-01,giga_tx_north,Giga Texas
1376.0607107803246,303.2208331781205,0.3484243631670619,1.1473956116518134,149.77270649253748,3.0,2022-08-01,giga_tx_west,Giga Texas
3995.862947610014,284.53256068373304,1.0,1.068746378352349,472.56647949839385,3.0,2022-08-01,giga_tx_west_small,Giga Texas
1755.3183512126695,768.306750764194,0.5009349097785553,1.672045539052984,499.5050802356842,3.0,2022-08-01,giga_tx_east,Giga Texas
1549.163517652961,290.13485784004547,0.4956032638833876,1.1317991054709375,150.0619001823235,1.0,2022-08-01,fremont_1,Fremont
1528.7574636117927,270.02209700357764,0.49609462173621993,1.2164242639457905,180.9503604347914,1.0,2022-08-01,fremont_2,Fremont
1412.4863349175982,520.433105357019,0.32405180738861233,1.1630491880789537,139.96291439349915,1.0,2022-08-01,fremont_3,Fremont
1109.2419498457273,159.0943398896559,0.003044045474311984,1.120488233496037,146.16478757694972,1.0,2022-08-01,fremont_4,Fremont
1580.2723021875252,200.52976622996448,0.6538586647149712,1.1199696948717583,158.94643489641484,1.0,2022-08-01,fremont_5,Fremont
2548.3820750908358,785.9390630564661,0.8345579329834478,1.0366263070833337,143.59360111828647,1.0,2022-08-01,fremont_6,Fremont
1022.0831878999418,138.1741890988858,0.0,1.1442167858716732,111.90933720735258,1.0,2022-08-01,fremont_7,Fremont
1526.6957801540761,177.45518607667768,0.5707715304127859,1.1061470693445428,114.99290017763617,1.0,2022-08-01,fremont_8,Fremont
1347.435814847863,550.5875833850743,0.3054331704166712,1.2398004502130013,141.69990180367907,3.0,2022-08-01,berlin_1,Giga Berlin
2543.2023742601095,941.3497961873833,0.9864587811249629,1.1147537371922593,238.8765514347222,3.0,2022-08-01,berlin_2,Giga Berlin
2143.1579867037262,547.2610996730198,0.9689130540790949,1.1114032338085795,227.10866450682647,3.0,2022-08-01,berlin_3,Giga Berlin
1012.2780104930174,196.1563050018966,0.017989404423476924,1.7413088823174387,167.5636976659679,3.0,2022-08-01,berlin_4,Giga Berlin
1529.1400255026538,163.15786829411888,0.6644921101168114,1.1623724478823314,147.66895509887019,5.0,2022-09-01,giga_tx_north,Giga Texas
1372.913142628027,204.3797358561362,0.24825520931223338,1.1243679676800458,134.7706426971968,5.0,2022-09-01,giga_tx_west,Giga Texas
1166.435086301788,331.0933933347704,0.13921871706597352,1.142983310660411,150.9653030632791,5.0,2022-09-01,giga_tx_west_small,Giga Texas
1477.1875781300641,758.5437586926174,0.4540763126734178,2.0025866224936886,415.55909463442674,5.0,2022-09-01,giga_tx_east,Giga Texas
1484.0425562465327,284.7189818197043,0.433890517309673,1.1333979805292722,113.36934370083064,2.0,2022-09-01,fremont_1,Fremont
1433.9915135510437,259.99586259479383,0.384270624116641,1.261927095597481,135.15363671410412,2.0,2022-09-01,fremont_2,Fremont
1413.4631784413587,430.61952815500496,0.2908484974721175,1.1344874908497558,105.10582484483558,2.0,2022-09-01,fremont_3,Fremont
1042.1847031537964,129.67228720608108,0.0,1.1160671570283731,116.75933702194038,2.0,2022-09-01,fremont_4,Fremont
1526.4734488086538,126.45023113600664,0.6103521184028626,1.1133568467627182,128.3772233893367,2.0,2022-09-01,fremont_5,Fremont
2108.809796797202,603.1868190330351,0.7627775534921276,1.0290746017295938,136.41107146438262,2.0,2022-09-01,fremont_6,Fremont
994.0768306219195,86.40894355121958,0.0,1.117648935651267,79.69259114425309,2.0,2022-09-01,fremont_7,Fremont
1428.233482810165,126.94960960170117,0.3173508106243532,1.0944325781251019,91.46489697702957,2.0,2022-09-01,fremont_8,Fremont
3414.837052321269,267.97026889531537,1.0,1.1393404838420127,83.59609813718538,2.0,2022-09-01,berlin_1,Giga Berlin
4307.509223129747,624.9826876771174,1.0,1.1752670550929878,111.37235870802772,2.0,2022-09-01,berlin_2,Giga Berlin
2438.2938935485467,1043.9794126662039,0.8258399570878235,1.0452981813544893,203.9970954149979,2.0,2022-09-01,berlin_3,Giga Berlin
1935.1434115235156,2185.4366429225024,0.23532692128954513,1.6532253038923295,261.26400946525985,2.0,2022-09-01,berlin_4,Giga Berlin
1547.6412721725085,172.42287019632505,0.6306441696837217,1.169421652995667,156.43947115595012,6.0,2022-10-01,giga_tx_north,Giga Texas
1346.9683757470987,188.79610359041945,0.2218596900098989,1.136907751357555,143.52111741591952,6.0,2022-10-01,giga_tx_west,Giga Texas
1353.2016704138273,258.9904454591772,0.25131736106232005,1.1316463620961146,163.62701510613883,6.0,2022-10-01,giga_tx_west_small,Giga Texas
1348.4572191883308,690.8190521651969,0.4311719067564463,1.8601143523654975,408.13839864992366,6.0,2022-10-01,giga_tx_east,Giga Texas
1463.8057580078705,352.4907534135932,0.42904816604610607,1.204786719699369,119.42045316342848,1.0,2022-10-01,fremont_1,Fremont
1395.748797391455,338.6609954115114,0.32866547645614835,1.3375537406430273,130.92289414822054,1.0,2022-10-01,fremont_2,Fremont
1421.5702915427967,483.63140789865525,0.28443884796727953,1.1995526230591056,122.64653884686986,1.0,2022-10-01,fremont_3,Fremont
1037.0041001428835,127.79815842879216,0.005528980555382991,1.1458199886982074,120.74968340651031,1.0,2022-10-01,fremont_4,Fremont
1408.4329240194086,232.71368280199084,0.28445962429860955,1.143048552109254,135.35026234311871,1.0,2022-10-01,fremont_5,Fremont
1867.9058000269142,648.9189697010088,0.5533306419055308,1.0598504463216438,142.6735319722869,1.0,2022-10-01,fremont_6,Fremont
923.595019825747,108.46364020109836,0.0,1.1920612072667927,92.85660178552877,1.0,2022-10-01,fremont_7,Fremont
1345.0980491357172,178.8971921224685,0.22123720823272391,1.1118998823099493,95.60807183069895,1.0,2022-10-01,fremont_8,Fremont
963.3151803485697,141.0980554404499,0.004186940030977912,1.193689557704148,132.7777086299403,2.0,2022-10-01,berlin_1,Giga Berlin
1999.9788036109903,991.773449278953,0.5694917496114549,1.0789797614970338,203.40325501096248,2.0,2022-10-01,berlin_2,Giga Berlin
2027.5566859283806,1274.2569924607762,0.5253206222265567,1.065973858665352,183.07545369252455,2.0,2022-10-01,berlin_3,Giga Berlin
700.9818134909306,200.56109567958904,0.0024517894858292976,2.1481849296816486,113.03033997315525,2.0,2022-10-01,berlin_4,Giga Berlin
1469.7947719561896,198.21426097553484,0.40470660564246197,1.2552591776908788,184.13769164527764,3.0,2022-11-01,giga_tx_north,Giga Texas
1424.2032820024488,194.56600708222825,0.34166823290606396,1.1641609147379637,172.36275524319092,3.0,2022-11-01,giga_tx_west,Giga Texas
1600.9787641396751,383.4618379969988,0.5341635635494978,1.1843030186533923,263.85218624409566,3.0,2022-11-01,giga_tx_west_small,Giga Texas
927.3048878049352,503.8406542693618,0.06368343848859198,1.995355435476363,296.7955932559169,3.0,2022-11-01,giga_tx_east,Giga Texas
1389.0286976154634,275.9613063457996,0.30275093084052923,1.183813559377286,128.99128364700533,5.0,2022-11-01,fremont_1,Fremont
1311.8024808450505,274.9169238910312,0.2433050658335195,1.3829300507031317,131.60929949128086,5.0,2022-11-01,fremont_2,Fremont
1353.2621802276046,454.0632777634221,0.17372327734752224,1.210616018246037,125.83051132491244,5.0,2022-11-01,fremont_3,Fremont
962.9705535192892,83.66481602536925,0.0,1.1774862659157328,117.54010409872892,5.0,2022-11-01,fremont_4,Fremont
1322.4094901195422,151.8932343509278,0.1631292185085794,1.1745225354179465,136.6365750758219,5.0,2022-11-01,fremont_5,Fremont
2132.2105234827072,771.709655566049,0.6383528461849012,1.0657645629675787,144.37622777356347,5.0,2022-11-01,fremont_6,Fremont
893.0294343811224,122.0565369251959,0.0,1.2126349373927852,96.87559977450812,5.0,2022-11-01,fremont_7,Fremont
1328.0232340653877,189.4215972640821,0.12343336782798667,1.1521270129500067,79.19348161492822,5.0,2022-11-01,fremont_8,Fremont
,,,,,,2022-11-01,berlin_1,Giga Berlin
,,,,,,2022-11-01,berlin_2,Giga Berlin
,,,,,,2022-11-01,berlin_3,Giga Berlin
,,,,,,2022-11-01,berlin_4,Giga Berlin
1498.3575779310981,183.89711010678178,0.5216544845959424,1.2089153471462895,170.16205652629586,4.0,2022-12-01,giga_tx_north,Giga Texas
1469.6722525028526,197.04572731728666,0.42245611397210936,1.159939117582449,170.9100735087974,4.0,2022-12-01,giga_tx_west,Giga Texas
1784.5386952856052,417.9623819380434,0.666971123445514,1.176185211730061,279.23257792426136,4.0,2022-12-01,giga_tx_west_small,Giga Texas
1101.0468462258993,535.7262863832586,0.2600993231182511,1.968692507066041,331.37376230498813,4.0,2022-12-01,giga_tx_east,Giga Texas
1446.7792455570514,323.8877127407101,0.3882199160263011,1.1588148085588814,132.8451909165035,1.0,2022-12-01,fremont_1,Fremont
1316.2915581839375,264.0454164966178,0.23437848694487853,1.2968628228485124,131.293387817797,1.0,2022-12-01,fremont_2,Fremont
1417.9222131752867,472.914262335833,0.2694041014182651,1.1556149090027594,125.91482280543535,1.0,2022-12-01,fremont_3,Fremont
1000.6911846928001,140.32516207053257,0.0,1.1556998678625363,105.34175342144357,1.0,2022-12-01,fremont_4,Fremont
1320.0853189124723,317.75744286148336,0.2781979344555584,1.195770971871793,124.52227478693135,1.0,2022-12-01,fremont_5,Fremont
2524.2050867985463,781.4003401294684,0.8373839321760195,1.0583720272682935,153.14429912023274,1.0,2022-12-01,fremont_6,Fremont
1069.280826864055,144.98703007769194,0.0,1.2434844321474416,96.13656193535986,1.0,2022-12-01,fremont_7,Fremont
1383.3767697673525,201.09824562885996,0.2953202253650684,1.2058430782573721,63.22111086381911,1.0,2022-12-01,fremont_8,Fremont
1077.779547117221,109.00582229321115,0.003012954885037047,1.156905362876554,53.16502170786591,1.0,2022-12-01,berlin_1,Giga Berlin
1110.6855979189406,186.9263690167171,0.04612942693693994,1.1075986945062533,99.05023300474215,1.0,2022-12-01,berlin_2,Giga Berlin
1304.149566814584,215.8687083865278,0.07034183449553809,1.0930583177216133,50.982072502242836,1.0,2022-12-01,berlin_3,Giga Berlin
294.45855086955714,54.16467673470357,0.0,1.5093609116183728,49.95651254782321,1.0,2022-12-01,berlin_4,Giga Berlin
1415.1769360384365,180.2123361050453,0.23587676753876635,1.1829879291399044,159.16033875544395,3.0,2023-01-01,giga_tx_north,Giga Texas
1427.4919503648312,183.96064925705684,0.326522071445577,1.1326504948271618,158.68596504731704,3.0,2023-01-01,giga_tx_west,Giga Texas
1757.9283355582095,383.18824116276403,0.6676912808262488,1.147659638101848,247.51918603235632,3.0,2023-01-01,giga_tx_west_small,Giga Texas
1125.3222322370093,592.0969301766582,0.26693176395737234,1.9825504912795677,349.24448687678716,3.0,2023-01-01,giga_tx_east,Giga Texas
1539.9217235733704,310.73176316391675,0.523142279965143,1.1535557217319587,148.79413855259187,1.0,2023-01-01,fremont_1,Fremont
1443.9997954325675,376.34148721773556,0.3738934761585957,1.3068685044315722,136.66484670722843,1.0,2023-01-01,fremont_2,Fremont
1500.3742970214537,511.9003807323274,0.38538372687508293,1.1630186927231456,130.9753829645537,1.0,2023-01-01,fremont_3,Fremont
959.9760824998447,110.31755962351747,0.0,1.1573547417333019,111.09127659704562,1.0,2023-01-01,fremont_4,Fremont
1398.2519855791388,300.47249340863493,0.27726274701146636,1.1572207989087875,141.61422311064558,1.0,2023-01-01,fremont_5,Fremont
1301.2125689678378,154.81993858451318,0.12894630601534118,1.1071703025879158,144.4625163678087,1.0,2023-01-01,fremont_6,Fremont
929.1463996041533,151.64323876472326,0.0015646626948305955,1.266353527827861,97.76096083333374,1.0,2023-01-01,fremont_7,Fremont
1315.7605687785056,229.4131244945095,0.20418535127055307,1.3311446069254487,67.88871871297928,1.0,2023-01-01,fremont_8,Fremont
917.6448913858561,231.92031749441352,0.03209987357083066,1.1791496875394498,105.0789623892655,2.0,2023-01-01,berlin_1,Giga Berlin
1045.3763902207822,453.2302378758503,0.1155385073244933,1.10801242243249,121.38016611850686,2.0,2023-01-01,berlin_2,Giga Berlin
1266.2671120430432,573.8806445972732,0.22198517579363153,1.1043408608381287,131.42123808529146,2.0,2023-01-01,berlin_3,Giga Berlin
716.7736405388159,181.7002931591252,0.00710858703211684,1.9800922526125033,112.0432668064698,2.0,2023-01-01,berlin_4,Giga Berlin
1501.2603775303403,148.30449988203804,0.45457339982239237,1.1680720384019,170.71651035341603,1.0,2023-02-01,giga_tx_north,Giga Texas
1518.479434650231,191.89986834263382,0.5501559974438984,1.1427816657170216,184.17931223668077,1.0,2023-02-01,giga_tx_west,Giga Texas
1709.3525082554618,427.9188899360823,0.5958511908944004,1.1524671755764986,248.20128022130868,1.0,2023-02-01,giga_tx_west_small,Giga Texas
928.6698230917406,361.54951355267315,0.058611243659756465,2.0730688173840766,271.1743738633786,1.0,2023-02-01,giga_tx_east,Giga Texas
1460.9497214080118,296.98796483898286,0.4237502970767646,1.212640437141287,141.36554108328727,1.0,2023-02-01,fremont_1,Fremont
1456.4699905775003,289.3051354729128,0.39334597932009235,1.3058324864286792,149.52391739801243,1.0,2023-02-01,fremont_2,Fremont
1501.7415121849617,491.3137050533775,0.41716687811251446,1.2105854524550055,140.2776954447862,1.0,2023-02-01,fremont_3,Fremont
929.6820732641692,117.14343321732557,0.0,1.1614690860950079,117.98060947864325,1.0,2023-02-01,fremont_4,Fremont
1264.9742349082442,308.3317457212312,0.23107261933805004,1.1997048993609496,139.80963997231498,1.0,2023-02-01,fremont_5,Fremont
1287.173650921814,199.58467705534318,0.11489705288655633,1.1178374592370683,155.93635201602348,1.0,2023-02-01,fremont_6,Fremont
970.6465132762296,149.563207395602,0.0025576217127038577,1.3297757854580605,114.19238614921403,1.0,2023-02-01,fremont_7,Fremont
1295.40682610862,216.51052604385782,0.1436702311141773,1.283790457519201,84.74599828567102,1.0,2023-02-01,fremont_8,Fremont
,,,,,,2023-02-01,berlin_1,Giga Berlin
,,,,,,2023-02-01,berlin_2,Giga Berlin
,,,,,,2023-02-01,berlin_3,Giga Berlin
,,,,,,2023-02-01,berlin_4,Giga Berlin
1660.7898308172225,158.51144063272386,0.8951089555297496,1.1867889488335304,166.02228155285965,3.0,2023-03-01,giga_tx_north,Giga Texas
1674.5011715470705,167.65052346483716,0.8875189514966982,1.1631102536825868,188.14361889124473,3.0,2023-03-01,giga_tx_west,Giga Texas
1885.6063139651985,266.29327303047756,0.9717909084521885,1.139121275329699,206.4686003818178,3.0,2023-03-01,giga_tx_west_small,Giga Texas
1325.6012807144673,684.2407291359323,0.4215683155718149,2.5599779483397627,347.94383413060723,3.0,2023-03-01,giga_tx_east,Giga Texas
2403.879045195279,388.7060861222087,0.9938703160896776,1.1693237188607368,77.95035420976102,2.0,2023-03-01,fremont_1,Fremont
2154.125545513154,177.6480184870283,1.0,1.2483402349774049,85.7178190043163,2.0,2023-03-01,fremont_2,Fremont
2025.7843299691363,331.9129099471415,0.9920849822953552,1.1600081025151494,87.56375132408344,2.0,2023-03-01,fremont_3,Fremont
1319.786771862252,174.24931965537465,0.16263900105609738,1.1745357699443044,53.13240741586306,2.0,2023-03-01,fremont_4,Fremont
2171.7370158033136,320.9544982707014,1.0,1.1845984969786794,95.59177775620597,2.0,2023-03-01,fremont_5,Fremont
1970.056869869466,145.71544045732597,1.0,1.1320451245263872,74.8102606083396,2.0,2023-03-01,fremont_6,Fremont
1413.1684954497725,236.89975592880964,0.33733525907203465,1.1904862944872132,72.78853727275342,2.0,2023-03-01,fremont_7,Fremont
1897.499110804491,319.05139860033347,0.9381395883638038,1.266359466119281,44.79761390918597,2.0,2023-03-01,fremont_8,Fremont
,,,,,,2023-03-01,berlin_1,Giga Berlin
,,,,,,2023-03-01,berlin_2,Giga Berlin
,,,,,,2023-03-01,berlin_3,Giga Berlin
,,,,,,2023-03-01,berlin_4,Giga Berlin
1766.6396327162597,166.50419198105055,0.9563836327618007,1.203808763325717,173.513064910724,2.0,2023-04-01,giga_tx_north,Giga Texas
1759.6998943310512,179.39944315553154,0.9316843964966356,1.1730668810897762,203.88672171551536,2.0,2023-04-01,giga_tx_west,Giga Texas
1922.90215227523,266.0094294377877,0.9941860465116279,1.1552713090323417,212.53017950167498,2.0,2023-04-01,giga_tx_west_small,Giga Texas
1362.3979787804342,746.1406077342357,0.42637894774048735,2.944857648704881,353.71647904797254,2.0,2023-04-01,giga_tx_east,Giga Texas
1527.3518049063873,268.19713191622753,0.5099619741741267,1.2208030207992102,137.59106389268138,5.0,2023-04-01,fremont_1,Fremont
1472.0652818071371,219.58634635240702,0.43786729152718923,1.45551978433709,139.26508372744823,5.0,2023-04-01,fremont_2,Fremont
1563.570338881422,511.75778781188114,0.49658215144572154,1.1712251816258876,122.57832569049589,5.0,2023-04-01,fremont_3,Fremont
1145.473007392682,97.92999971630006,0.006460831210784618,1.133442420998378,118.05700265171193,5.0,2023-04-01,fremont_4,Fremont
1572.4494863245784,153.6253516874947,0.5629421810197611,1.168006613275966,146.06924096211029,5.0,2023-04-01,fremont_5,Fremont
1453.3385547032703,184.91593971830648,0.18724263221639081,1.0940597523078923,137.59872829312505,5.0,2023-04-01,fremont_6,Fremont
1106.5220456961756,108.23942292836024,0.0,1.187086471252374,108.64844578427041,5.0,2023-04-01,fremont_7,Fremont
1550.672247135027,172.12086858535875,0.7455789352650339,1.2513782779096871,77.48862844311691,5.0,2023-04-01,fremont_8,Fremont
1133.9988871314156,156.23466720361014,0.03407840797762612,1.2261358617904206,104.31767396923001,1.0,2023-04-01,berlin_1,Giga Berlin
1324.643447637314,421.31269451432894,0.15011077676002788,1.13100506125022,86.78242526050252,1.0,2023-04-01,berlin_2,Giga Berlin
1680.3015921392696,396.7034017395414,0.5868849661091334,1.1497228775216597,177.9963402900722,1.0,2023-04-01,berlin_3,Giga Berlin
1172.890742064268,823.8679333175185,0.1576324366941545,2.2266966122366094,111.63087164071432,1.0,2023-04-01,berlin_4,Giga Berlin
1791.6808980577014,428.21842714239045,0.6997745747660362,1.1299354212025234,113.45170545152608,1.0,2023-05-01,giga_tx_north,Giga Texas
2267.8583468029933,382.87772237409484,0.9720958789109,1.1105363020786356,172.80891151080098,1.0,2023-05-01,giga_tx_west,Giga Texas
2803.5965830581536,393.89127525405036,1.0,1.2142605796182802,230.02343909659498,1.0,2023-05-01,giga_tx_west_small,Giga Texas
2006.3051693971684,869.9300874038719,0.7496456532880899,1.4963818915680533,445.1267632882657,1.0,2023-05-01,giga_tx_east,Giga Texas
,,,,,,2023-05-01,fremont_1,Fremont
,,,,,,2023-05-01,fremont_2,Fremont
,,,,,,2023-05-01,fremont_3,Fremont
,,,,,,2023-05-01,fremont_4,Fremont
,,,,,,2023-05-01,fremont_5,Fremont
,,,,,,2023-05-01,fremont_6,Fremont
,,,,,,2023-05-01,fremont_7,Fremont
,,,,,,2023-05-01,fremont_8,Fremont
1156.2604564038368,226.85558050430953,0.08205581492083186,1.3058436586490647,125.72097327278864,4.0,2023-05-01,berlin_1,Giga Berlin
1194.4202682891876,303.2656301821047,0.08526503753182771,1.2269991163967218,116.44502163127318,4.0,2023-05-01,berlin_2,Giga Berlin
2027.8866708115922,492.9545047273341,0.8944872482566929,1.1715844952611847,226.4003636223696,4.0,2023-05-01,berlin_3,Giga Berlin
886.2053728910065,160.73055370262765,0.00898989478137409,2.3135874713421867,117.94514965757143,4.0,2023-05-01,berlin_4,Giga Berlin
1906.5759273174397,197.1208176100394,0.9522508368057927,1.145029213897602,181.40730315516944,4.0,2023-06-01,giga_tx_north,Giga Texas
1867.8544796535073,216.7246783086633,0.9520530266010098,1.0999102901923135,195.76673975056403,4.0,2023-06-01,giga_tx_west,Giga Texas
1907.722792102859,222.11703126709415,1.0,1.0981680416602961,223.66043967089243,4.0,2023-06-01,giga_tx_west_small,Giga Texas
1775.8846650053895,533.4688688216509,0.7151193821465811,1.3091404937168403,539.8198918279824,4.0,2023-06-01,giga_tx_east,Giga Texas
1507.6199496950019,340.1603949425644,0.4512298978055931,1.2200227696643555,155.79278059170724,1.0,2023-06-01,fremont_1,Fremont
1455.1271293610062,307.5747695093198,0.38049542512831985,1.506101810168918,155.71426707379663,1.0,2023-06-01,fremont_2,Fremont
1460.185908238815,558.2062551466261,0.3068868228210031,1.1692546439556455,149.49088812093473,1.0,2023-06-01,fremont_3,Fremont
1244.655691536725,143.42993889906538,0.085109026526682,1.0740866220727738,139.10117979638238,1.0,2023-06-01,fremont_4,Fremont
1593.2121249085155,152.46996492907166,0.7135480198422381,1.1265742886233032,188.24666397061566,1.0,2023-06-01,fremont_5,Fremont
1519.2461579868116,240.1366464312141,0.36350423899878886,1.0383683590177246,142.58750740714473,1.0,2023-06-01,fremont_6,Fremont
1316.0426938944731,264.6245630137278,0.25322460933582075,1.0940981888197283,109.85988160542425,1.0,2023-06-01,fremont_7,Fremont
1624.9780997278763,166.25287263768368,0.7990226514890192,1.0899045203520217,103.15791588672909,1.0,2023-06-01,fremont_8,Fremont
1247.6566631638761,279.6299876788921,0.1331912145409974,1.2807907447223486,118.75645629569044,2.0,2023-06-01,berlin_1,Giga Berlin
1123.2117213936936,295.9206730081751,0.08791045269667014,1.2063688396249,83.49695888888826,2.0,2023-06-01,berlin_2,Giga Berlin
1929.4731006485595,427.38698248031335,0.8822719071536549,1.146963592293474,204.65339284457,2.0,2023-06-01,berlin_3,Giga Berlin
1067.6736662852777,190.03623702598097,0.0287484335789396,1.8632435401009904,150.76046249578602,2.0,2023-06-01,berlin_4,Giga Berlin
1936.518147869846,170.0743369393335,0.9675182731060865,1.1418345229358722,169.61801328377504,10.0,2023-07-01,giga_tx_north,Giga Texas
1979.3896619846605,195.9146176080444,0.9674096906363943,1.0871242754513781,207.7073568098383,10.0,2023-07-01,giga_tx_west,Giga Texas
2010.466498044451,228.60026284000185,1.0,1.0842339016369151,229.95237546606853,10.0,2023-07-01,giga_tx_west_small,Giga Texas
2794.1627367466094,688.6012429436527,1.0,1.1846689020747292,787.1578092554056,10.0,2023-07-01,giga_tx_east,Giga Texas
,,,,,,2023-07-01,fremont_1,Fremont
,,,,,,2023-07-01,fremont_2,Fremont
,,,,,,2023-07-01,fremont_3,Fremont
,,,,,,2023-07-01,fremont_4,Fremont
,,,,,,2023-07-01,fremont_5,Fremont
,,,,,,2023-07-01,fremont_6,Fremont
,,,,,,2023-07-01,fremont_7,Fremont
,,,,,,2023-07-01,fremont_8,Fremont
1190.0471774186276,266.5000319503663,0.1297020978485158,1.2336888966005863,118.3633540210957,1.0,2023-07-01,berlin_1,Giga Berlin
997.0765792577407,286.58260812514413,0.06142323335868527,1.26434488163419,72.26216884442375,1.0,2023-07-01,berlin_2,Giga Berlin
2119.4950260886503,535.5218044110138,0.9066294436046227,1.10451946279939,210.9493711006157,1.0,2023-07-01,berlin_3,Giga Berlin
1008.6040151658427,221.58620253255035,0.0325847630097078,1.954671195496657,146.5297849512631,1.0,2023-07-01,berlin_4,Giga Berlin
1792.3056105836001,152.06445127599656,0.9478789534804289,1.1395993894208198,173.70754267818225,9.0,2023-08-01,giga_tx_north,Giga Texas
1898.352210903532,186.19041795801476,0.9661316392888019,1.0856909481793853,225.92174283402815,9.0,2023-08-01,giga_tx_west,Giga Texas
1973.1868076535752,211.7718328977463,0.9876695004566852,1.0898935499265712,276.1637646461305,9.0,2023-08-01,giga_tx_west_small,Giga Texas
2859.1035847044714,769.3081079260751,1.0,1.186412476653557,832.2740045026062,9.0,2023-08-01,giga_tx_east,Giga Texas
1419.6055513744757,323.9064204602652,0.3879327418204865,1.2083797815523907,116.19117188159838,1.0,2023-08-01,fremont_1,Fremont
1318.737217634954,278.853387541844,0.301792754593469,1.4326669188629462,127.71985794496489,1.0,2023-08-01,fremont_2,Fremont
1315.3269205279196,472.63227768129474,0.16367802162428277,1.1585870943060357,114.54154247374495,1.0,2023-08-01,fremont_3,Fremont
1047.2357789236094,156.10576867809584,0.0,1.0807243629530805,101.50013280551222,1.0,2023-08-01,fremont_4,Fremont
1507.7248786967007,172.71270127909455,0.47153777344067666,1.1070208690822498,145.35479373241432,1.0,2023-08-01,fremont_5,Fremont
1246.6937424303594,189.23002193944401,0.041501816713766654,1.0517238356189764,137.77802778664918,1.0,2023-08-01,fremont_6,Fremont
1027.7012162912142,88.93364278472725,0.0,1.1106311094851264,96.05414858315719,1.0,2023-08-01,fremont_7,Fremont
1487.2870683377414,150.07800655260996,0.495400712889502,1.0847443677727033,103.13294237963332,1.0,2023-08-01,fremont_8,Fremont
1106.3597776452134,250.64748186884873,0.12235169201635458,1.207712121998297,101.19236203071718,3.0,2023-08-01,berlin_1,Giga Berlin
1149.1740958742548,373.8266496888592,0.10996660163354394,1.2221844087167182,63.079277344703776,3.0,2023-08-01,berlin_2,Giga Berlin
1967.221960793875,521.9567658298545,0.8913785536646024,1.0630195384047412,176.62250074587757,3.0,2023-08-01,berlin_3,Giga Berlin
1252.9741007701498,651.2180056072203,0.2917533339529576,2.2280740887220887,128.02209011595588,3.0,2023-08-01,berlin_4,Giga Berlin
1619.922051825034,146.58523360754768,0.8470182389507481,1.134116796175858,148.67818763528805,6.0,2023-09-01,giga_tx_north,Giga Texas
1873.795439110879,166.00877349551683,0.9750779987219487,1.076268544838234,209.34502566011855,6.0,2023-09-01,giga_tx_west,Giga Texas
2151.4077613058853,204.11973950850094,0.9876695004566852,1.094588974625058,326.78612302024254,6.0,2023-09-01,giga_tx_west_small,Giga Texas
2770.251692204376,739.2848944004264,0.9864800381740096,1.174058404534713,784.0766970414267,6.0,2023-09-01,giga_tx_east,Giga Texas
1470.328104782276,296.31791683316237,0.44014893448467085,1.1898889361723255,105.80890546692545,1.0,2023-09-01,fremont_1,Fremont
1404.3318269731462,251.8941649860739,0.3315480175556054,1.3549265553832306,119.1665755827533,1.0,2023-09-01,fremont_2,Fremont
1393.0337019434069,410.71721817444717,0.2702845997992842,1.159012973355299,100.33542854625694,1.0,2023-09-01,fremont_3,Fremont
1070.2521380795597,147.14548520761323,0.0009318506554016276,1.1117484584839326,79.9003043424689,1.0,2023-09-01,fremont_4,Fremont
1521.4228809194665,142.1242043928264,0.4747092786858585,1.1336004779345523,130.93064453526353,1.0,2023-09-01,fremont_5,Fremont
1264.0434934732875,159.8779721737637,0.05329027048849415,1.0650372548772542,104.47154958343869,1.0,2023-09-01,fremont_6,Fremont
1065.2460799850217,81.82824173952952,0.0,1.1281466271273664,75.9133382467494,1.0,2023-09-01,fremont_7,Fremont
1470.2525046951064,154.83831373313444,0.417155340922157,1.1164605264979446,96.30419385850158,1.0,2023-09-01,fremont_8,Fremont
953.0239722841071,94.91433860114714,0.002093470015488956,1.26809232088881,92.07043520363739,3.0,2023-09-01,berlin_1,Giga Berlin
1044.9069364990137,472.81566270630714,0.07603915214443971,1.2458122977674622,58.86884118675486,3.0,2023-09-01,berlin_2,Giga Berlin
1740.743242144958,466.86397411035625,0.7302018822840981,1.1234819934351585,174.80194449622093,3.0,2023-09-01,berlin_3,Giga Berlin
974.6959994701135,221.04905351281573,0.02508837659486502,2.114331954543579,117.64216488429135,3.0,2023-09-01,berlin_4,Giga Berlin
1479.5344513514124,172.7027030733322,0.393811052667532,1.218001360935823,145.53301335657451,3.0,2023-10-01,giga_tx_north,Giga Texas
1445.6554131321889,330.37250234934965,0.5377012617624587,1.1088357498683394,141.4200596669854,3.0,2023-10-01,giga_tx_west,Giga Texas
2088.4060399540986,309.13149266921414,0.9791856952153447,1.1440908358242787,298.0656446743839,3.0,2023-10-01,giga_tx_west_small,Giga Texas
3033.017297303665,459.13025456693975,0.9981973384232014,1.1862682444909105,843.1089828451284,3.0,2023-10-01,giga_tx_east,Giga Texas
1400.7125947344803,278.0903071460059,0.36197813515012284,1.1826007940598398,116.33672662398855,3.0,2023-10-01,fremont_1,Fremont
1300.3904324431558,282.3055249403758,0.2946328944432049,1.3244821017448263,137.711437847013,3.0,2023-10-01,fremont_2,Fremont
1219.8529094317475,456.2095132570188,0.1031603264471417,1.1971327241287695,121.66116319979716,3.0,2023-10-01,fremont_3,Fremont
1013.5131390942412,103.74941632409082,0.0,1.1285449203065083,112.32125885660004,3.0,2023-10-01,fremont_4,Fremont
1308.1711257488282,162.63530560854372,0.20704236805724985,1.1539915844946298,141.65833633265666,3.0,2023-10-01,fremont_5,Fremont
1070.125662764096,145.35032354036545,0.02236576503835285,1.1000275946037246,129.57045108281127,3.0,2023-10-01,fremont_6,Fremont
801.8780332056193,122.65284238447585,0.0,1.1709669518391654,99.07890310590112,3.0,2023-10-01,fremont_7,Fremont
1329.5962247518314,146.04865896789772,0.07768195929630908,1.1224990977296596,108.79873138796714,3.0,2023-10-01,fremont_8,Fremont
986.1992125998682,76.59867378929756,0.0,1.32936187710526,77.04202190415266,2.0,2023-10-01,berlin_1,Giga Berlin
1200.1206061307498,733.8090307720003,0.13572633180119711,1.2630132933743015,56.31108681147654,2.0,2023-10-01,berlin_2,Giga Berlin
1581.865320378407,719.0869822595615,0.3438094309260253,1.1615932830986742,120.41104807914607,2.0,2023-10-01,berlin_3,Giga Berlin
907.1632843723256,263.22437068050857,0.038542771707951805,2.4284876512419347,123.03797972269453,2.0,2023-10-01,berlin_4,Giga Berlin
1454.1523328096182,207.33454402086474,0.3520049183687411,1.2156593568605387,149.31886265877534,3.0,2023-11-01,giga_tx_north,Giga Texas
1431.7141408445987,303.60096969596987,0.49892869225275416,1.0949339064252048,145.66203287157913,3.0,2023-11-01,giga_tx_west,Giga Texas
2008.0778238366227,340.3401804693834,0.9657486123796811,1.134311851046487,290.4623638823393,3.0,2023-11-01,giga_tx_west_small,Giga Texas
2593.134771927964,400.2976466562058,0.9902161426576884,1.2225078063065604,745.464143940866,3.0,2023-11-01,giga_tx_east,Giga Texas
1372.455659642451,267.43175247661867,0.2821239008159709,1.1480694890778436,120.90795960818697,3.0,2023-11-01,fremont_1,Fremont
1295.0614694140702,279.22273996635204,0.22163951498921386,1.2836928596774875,132.18549663730445,3.0,2023-11-01,fremont_2,Fremont
1294.1197351561868,468.1444680032067,0.16343186078657848,1.1943265477388798,122.60485020962619,3.0,2023-11-01,fremont_3,Fremont
1011.4563583276386,113.61488141384181,0.0,1.144804542429761,105.93872957780584,3.0,2023-11-01,fremont_4,Fremont
1201.2272234420316,275.19992389935857,0.18394730422054167,1.1822475153488956,122.07437710365635,3.0,2023-11-01,fremont_5,Fremont
1177.3059076840268,134.81237658317158,0.04448930157448527,1.0846903787865556,126.93035734014482,3.0,2023-11-01,fremont_6,Fremont
860.0908340187088,139.9433301404865,0.0,1.2222365210474455,88.02881420354277,3.0,2023-11-01,fremont_7,Fremont
1377.00822505845,274.62913233163727,0.34509601011843166,1.1125761000733745,87.74926530853158,3.0,2023-11-01,fremont_8,Fremont
,,,,,,2023-11-01,berlin_1,Giga Berlin
,,,,,,2023-11-01,berlin_2,Giga Berlin
,,,,,,2023-11-01,berlin_3,Giga Berlin
,,,,,,2023-11-01,berlin_4,Giga Berlin
1605.9426531866936,241.78790409253733,0.6554751007582487,1.2402381263484272,167.00796730206525,6.0,2023-12-01,giga_tx_north,Giga Texas
1699.9836873034365,319.36056400342255,0.7006152188349676,1.1258086708705073,183.04240384361293,6.0,2023-12-01,giga_tx_west,Giga Texas
2124.921810229748,258.3597065118571,0.9791681304011804,1.144408211243261,289.20048149266427,6.0,2023-12-01,giga_tx_west_small,Giga Texas
1911.0411619508757,725.273857866829,0.7359489599349628,1.245658425847463,549.7023745739397,6.0,2023-12-01,giga_tx_east,Giga Texas
,,,,,,2023-12-01,fremont_1,Fremont
,,,,,,2023-12-01,fremont_2,Fremont
,,,,,,2023-12-01,fremont_3,Fremont
,,,,,,2023-12-01,fremont_4,Fremont
,,,,,,2023-12-01,fremont_5,Fremont
,,,,,,2023-12-01,fremont_6,Fremont
,,,,,,2023-12-01,fremont_7,Fremont
,,,,,,2023-12-01,fremont_8,Fremont
,,,,,,2023-12-01,berlin_1,Giga Berlin
,,,,,,2023-12-01,berlin_2,Giga Berlin
,,,,,,2023-12-01,berlin_3,Giga Berlin
,,,,,,2023-12-01,berlin_4,Giga Berlin
1569.211757406016,230.3091799762734,0.5638021722795274,1.194290285945278,161.4429383201232,4.0,2024-01-01,giga_tx_north,Giga Texas
1557.6769144666234,305.13211353203087,0.6349734992294109,1.1145137718368228,144.54695179043958,4.0,2024-01-01,giga_tx_west,Giga Texas
2330.986820534439,256.4663192450742,0.9791856952153447,1.1433048533372376,318.2695687072384,4.0,2024-01-01,giga_tx_west_small,Giga Texas
1419.7946809701384,604.4701231449826,0.45310428927416363,1.2242926574612907,321.105957069463,4.0,2024-01-01,giga_tx_east,Giga Texas
1412.5335894795214,302.62950324655327,0.35751208112176186,1.1206082095837437,151.94053537325203,1.0,2024-01-01,fremont_1,Fremont
1350.6995276352006,332.94766069395723,0.2503905378263782,1.2062393185488998,170.8836627608664,1.0,2024-01-01,fremont_2,Fremont
1315.2655160225463,512.083270279447,0.2178428736437484,1.1278224572351612,146.0427854084104,1.0,2024-01-01,fremont_3,Fremont
933.7921558882607,125.3140706250737,0.0,1.1397776891701699,124.42631165230118,1.0,2024-01-01,fremont_4,Fremont
1041.6180640264572,317.8222007378838,0.09795071968772875,1.1190336258134912,124.88155427104607,1.0,2024-01-01,fremont_5,Fremont
1371.1807293769343,168.47769571503065,0.18619297537343563,1.0915758030138099,192.16910354935678,1.0,2024-01-01,fremont_6,Fremont
913.9908728009476,159.94290758643234,0.0,1.2083974165929598,120.75270918454007,1.0,2024-01-01,fremont_7,Fremont
1062.7908397531712,263.5572008898686,0.024134759112337586,1.1717522473795243,89.93389514844405,1.0,2024-01-01,fremont_8,Fremont
983.0687821204027,167.26578739845178,0.006075167888085602,1.2357684348030997,111.30786254398544,2.0,2024-01-01,berlin_1,Giga Berlin
1403.4894762077977,772.2086792806754,0.18061572037961718,1.1496092347716305,128.88648910390222,2.0,2024-01-01,berlin_2,Giga Berlin
1266.762487605858,300.565078607603,0.12791973472472817,1.1691693878071876,161.86954649977017,2.0,2024-01-01,berlin_3,Giga Berlin
1872.9408071782432,676.3864746414853,0.6400132044087339,1.287482328086599,116.88794878475373,2.0,2024-01-01,berlin_4,Giga Berlin
1608.9290650545352,180.73660188035913,0.712002185941663,1.167537146698564,158.52635031797578,4.0,2024-02-01,giga_tx_north,Giga Texas
1496.6564865282521,345.99866321627627,0.5246375722036369,1.1009996306373535,143.25751135351817,4.0,2024-02-01,giga_tx_west,Giga Texas
2129.385644277385,281.71044296547944,0.9791856952153447,1.1304239298604073,266.78172126461146,4.0,2024-02-01,giga_tx_west_small,Giga Texas
1608.3919074633723,696.2645791517626,0.4732764257815954,1.1826126482618855,337.3092611898148,4.0,2024-02-01,giga_tx_east,Giga Texas
1510.0363126831974,330.7044063677403,0.4581715915392539,1.207269809029009,120.78396834222727,1.0,2024-02-01,fremont_1,Fremont
1401.2983461033,298.39650708777754,0.36418582161719876,1.4200230428911038,114.08762234558117,1.0,2024-02-01,fremont_2,Fremont
1470.9131746542705,492.47482443394597,0.38497661472041805,1.166439590170986,116.07543511945609,1.0,2024-02-01,fremont_3,Fremont
1081.6198463481808,133.2913985068731,0.0018015779337764801,1.1027038704725047,110.26260564281996,1.0,2024-02-01,fremont_4,Fremont
1354.7351522051458,247.09339261403719,0.28527283077173304,1.1084960254136664,104.44644359224974,1.0,2024-02-01,fremont_5,Fremont
1318.3488359574762,205.79606093390805,0.12620104965684295,1.081015849871465,139.85358131044862,1.0,2024-02-01,fremont_6,Fremont
921.7335827432414,144.98915076565132,0.0,1.1998313743695945,96.79538477675959,1.0,2024-02-01,fremont_7,Fremont
1183.0286995515694,267.32464937384333,0.15681269403242495,1.3076194068218534,67.63337937645122,1.0,2024-02-01,fremont_8,Fremont
,,,,,,2024-02-01,berlin_1,Giga Berlin
,,,,,,2024-02-01,berlin_2,Giga Berlin
,,,,,,2024-02-01,berlin_3,Giga Berlin
,,,,,,2024-02-01,berlin_4,Giga Berlin
1693.0893332877936,209.6082271570787,0.8821982375845348,1.21871805349296,151.3080820668985,2.0,2024-03-01,giga_tx_north,Giga Texas
1486.766834567531,271.89265106452734,0.46967384630806114,1.117418689903793,122.73214830986448,2.0,2024-03-01,giga_tx_west,Giga Texas
2057.4970198365304,296.18384651860606,0.9763753249490621,1.1450488257056124,239.97111702988303,2.0,2024-03-01,giga_tx_west_small,Giga Texas
1782.697885112727,703.1509320837837,0.5272360956471026,1.194697055276579,355.5219158108434,2.0,2024-03-01,giga_tx_east,Giga Texas
1523.7617823945714,286.99062822866557,0.5012972352055772,1.2221468859321882,123.02853190781036,2.0,2024-03-01,fremont_1,Fremont
1435.1358203773966,241.44590262359742,0.3864464777207471,1.427519248561146,121.84996587517053,2.0,2024-03-01,fremont_2,Fremont
1490.857482342693,468.02298155541325,0.41262237033951255,1.155549227511495,111.25987847734936,2.0,2024-03-01,fremont_3,Fremont
1117.1342900333395,122.11670779226671,0.010871590979685656,1.1248147312034336,110.76503096612784,2.0,2024-03-01,fremont_4,Fremont
1383.7345287468493,194.13554728758064,0.28336179555989277,1.1525422583439997,114.68790050425184,2.0,2024-03-01,fremont_5,Fremont
1417.8831382048177,194.7994782117124,0.10819539765845783,1.088422937427784,148.9948164852139,2.0,2024-03-01,fremont_6,Fremont
1013.1206929984688,125.78289687814943,0.0,1.1905630710794253,97.3539275101811,2.0,2024-03-01,fremont_7,Fremont
1238.4617875895904,258.8175499585593,0.19090490973899046,1.2769928272274143,67.51543617294641,2.0,2024-03-01,fremont_8,Fremont
1174.8264271627586,126.08290424743215,0.009761317052613211,1.2443312116796899,134.84792167919767,1.0,2024-03-01,berlin_1,Giga Berlin
1336.5378459707022,382.581353821923,0.09697099963625548,1.187527731654386,144.1546797832713,1.0,2024-03-01,berlin_2,Giga Berlin
1691.447062791565,234.93807524711366,0.7510484224898814,1.155064660857117,243.51629704805038,1.0,2024-03-01,berlin_3,Giga Berlin
1002.9849068052894,191.53735869521574,0.014710736914975785,1.7879954044375501,123.4196866035557,1.0,2024-03-01,berlin_4,Giga Berlin
1757.9517271216152,214.78327246782771,0.9259512261766514,1.2115730376747427,160.23990148380398,3.0,2024-04-01,giga_tx_north,Giga Texas
1587.157132654214,266.3883841793841,0.5591524765377347,1.0979704510721422,142.10538939822,3.0,2024-04-01,giga_tx_west,Giga Texas
2116.072402163987,333.53840587664666,0.98085435256095,1.145630080859132,261.1835430365935,3.0,2024-04-01,giga_tx_west_small,Giga Texas
1878.7571261097264,755.5983762225796,0.5531626106781189,1.172908780532587,406.23478598598246,3.0,2024-04-01,giga_tx_east,Giga Texas
1469.7955847791075,274.5635110956589,0.43058306266339225,1.2441267674190188,121.08188807507689,1.0,2024-04-01,fremont_1,Fremont
1397.5531999305715,265.9203413410469,0.36076396637655306,1.4970678155466883,115.06699523107473,1.0,2024-04-01,fremont_2,Fremont
1437.0773607771112,466.1374939834525,0.3433091590767075,1.1637268246936114,111.89275653862362,1.0,2024-04-01,fremont_3,Fremont
1155.1711499037085,132.3771622161836,0.01236255202832826,1.1272060817751022,103.75046985826158,1.0,2024-04-01,fremont_4,Fremont
1390.6193516033727,225.5952457620856,0.329063999349435,1.1490055933833574,120.72308960970845,1.0,2024-04-01,fremont_5,Fremont
1397.8556587269547,195.57276774386182,0.17618086394832463,1.0939781593360296,140.08019918092273,1.0,2024-04-01,fremont_6,Fremont
1013.2661932559027,129.6964052289892,0.0,1.2045054762072296,92.97746081019419,1.0,2024-04-01,fremont_7,Fremont
1263.6333716607264,251.31018070225497,0.22644590088536276,1.2871019710176386,65.99888116039673,1.0,2024-04-01,fremont_8,Fremont
1085.7207037343194,91.60018368807701,0.0006786674037140668,1.2319506156714939,104.82548993507251,1.0,2024-04-01,berlin_1,Giga Berlin
1218.3558965201764,482.1713167025207,0.08250388545352341,1.1841922370176086,122.6590332261025,1.0,2024-04-01,berlin_2,Giga Berlin
1903.6402691763794,292.7167281276048,0.9184181011361972,1.1129538880139198,274.8034904541016,1.0,2024-04-01,berlin_3,Giga Berlin
1455.0663703152934,341.2305914549479,0.46301643820689237,1.7257574903844142,126.3865848082627,1.0,2024-04-01,berlin_4,Giga Berlin
2195.0076280255935,328.26861295235165,1.0,1.2027818361202707,174.11334850457797,3.0,2024-05-01,giga_tx_north,Giga Texas
2166.481798627557,282.5577320387525,1.0,1.0024904194926647,120.17043392085164,3.0,2024-05-01,giga_tx_west,Giga Texas
2729.479905852596,256.47012154847096,1.0,1.091716329779707,268.055080929795,3.0,2024-05-01,giga_tx_west_small,Giga Texas
1830.3241798184372,623.759457034561,0.7344078610183271,1.0575113917643686,174.66666863584695,3.0,2024-05-01,giga_tx_east,Giga Texas
1623.0803988750697,270.0564872301985,0.7193119702131029,1.2535926713754755,138.39705641226237,3.0,2024-05-01,fremont_1,Fremont
1534.9427583128775,263.0291075610321,0.5442795506955297,1.498654790271809,145.26975922302782,3.0,2024-05-01,fremont_2,Fremont
1548.3308022949757,516.6934232861685,0.48593096135274844,1.2095052052604371,135.05925468060957,3.0,2024-05-01,fremont_3,Fremont
1286.0637385848297,99.2109213278452,0.021867428713424862,1.1277484186864075,131.507910839565,3.0,2024-05-01,fremont_4,Fremont
1567.316472852458,238.30386217102432,0.47401805318370355,1.1544439802331201,136.1216918693085,3.0,2024-05-01,fremont_5,Fremont
1527.919041851703,188.1824663962729,0.4592652402099314,1.078621624832716,154.8290062391288,3.0,2024-05-01,fremont_6,Fremont
1184.528030196652,127.29735186060604,0.010601592746384225,1.1675779810164777,115.09183991090923,3.0,2024-05-01,fremont_7,Fremont
1408.5046567781992,240.6119779232182,0.3462343336782799,1.2446908176338907,84.36517477271943,3.0,2024-05-01,fremont_8,Fremont
1150.1011196187835,79.03516275010557,0.0020551581459244527,1.2925368900646261,102.38664101626902,3.0,2024-05-01,berlin_1,Giga Berlin
1243.6840933390652,366.6729753096191,0.1318408782778348,1.2021155012627822,92.1829926356785,3.0,2024-05-01,berlin_2,Giga Berlin
2073.262032476715,285.7487795828014,0.9501267859755204,1.1661320674972124,331.7202460746508,3.0,2024-05-01,berlin_3,Giga Berlin
1235.7058792736705,221.04314757914707,0.13724572699564444,1.7791505134288184,133.33715955208345,3.0,2024-05-01,berlin_4,Giga Berlin
2086.5031992167037,242.12255383912523,0.9545050891454334,1.1578294080636569,174.3267428474777,2.0,2024-06-01,giga_tx_north,Giga Texas
1951.8349876998022,294.0219464642509,0.9495169717701009,1.0525472224503591,156.91714870462638,2.0,2024-06-01,giga_tx_west,Giga Texas
2391.265058900676,246.02768787237815,1.0,1.0708710929666732,270.45275842600716,2.0,2024-06-01,giga_tx_west_small,Giga Texas
1438.6862155299923,410.84274179261456,0.34026474382765154,1.1154823764407094,162.2625630494817,2.0,2024-06-01,giga_tx_east,Giga Texas
1624.754225091765,286.66347150315073,0.6777014180464233,1.215275032977747,122.42037859042986,1.0,2024-06-01,fremont_1,Fremont
1491.157969451265,297.84106353112327,0.4677341367254337,1.4436855254544503,135.06774636143757,1.0,2024-06-01,fremont_2,Fremont
1541.0421471536872,507.2256868216462,0.5131317339190699,1.187252025388602,122.56440867353231,1.0,2024-06-01,fremont_3,Fremont
1373.1921061895591,156.51307727418433,0.1663664036777039,1.098743925318996,127.32522056526342,1.0,2024-06-01,fremont_4,Fremont
1697.3425361199224,234.02872212289418,0.7829551923233312,1.1353026743990777,143.89328722618572,1.0,2024-06-01,fremont_5,Fremont
1596.0718611223258,240.14536915121664,0.6678239806217198,1.072194648730196,139.06229123708334,1.0,2024-06-01,fremont_6,Fremont
1269.3480672403766,145.90709775711014,0.05626767767948487,1.1403198913000565,110.2468653979532,1.0,2024-06-01,fremont_7,Fremont
1544.9708941780696,233.32451584777172,0.518374152006439,1.1601906091587832,85.23535662589731,1.0,2024-06-01,fremont_8,Fremont
1103.7518184455316,83.93494646526214,0.0003393337018570334,1.2696788506325174,107.50387107279339,3.0,2024-06-01,berlin_1,Giga Berlin
1375.9181574683405,466.49572027398534,0.2896398928606859,1.2123000649003952,116.16050781137888,3.0,2024-06-01,berlin_2,Giga Berlin
1921.7535882056522,325.8707467675062,0.8978031891549225,1.141323784060552,324.0946788732231,3.0,2024-06-01,berlin_3,Giga Berlin
1368.5467383721618,391.9450311468382,0.3922318335218914,1.8238863961181573,118.63386665149669,3.0,2024-06-01,berlin_4,Giga Berlin
1550.143503654622,177.28805757132355,0.6246328301113465,1.1359064724618935,104.499218631208,2.0,2024-07-01,giga_tx_north,Giga Texas
2446.247104963102,372.75364715419886,0.9974438973048152,1.1304785265137673,151.8631336466032,2.0,2024-07-01,giga_tx_west,Giga Texas
2354.3931415255634,349.04571121457997,0.9890044263331694,1.0744142272662156,242.47008990753415,2.0,2024-07-01,giga_tx_west_small,Giga Texas
1516.6023098810606,330.3639114555372,0.5049184384002262,1.1109580717340684,147.18677731115173,2.0,2024-07-01,giga_tx_east,Giga Texas
1575.9539663048918,278.1351012045659,0.5992434445060604,1.181191438300077,149.15052008937496,1.0,2024-07-01,fremont_1,Fremont
1456.4062151305523,289.1581202263601,0.46792010711894705,1.3946424521188008,154.52992032481143,1.0,2024-07-01,fremont_2,Fremont
1478.674960393355,479.4869635473743,0.4546780026888337,1.1792634519376102,144.18312576379478,1.0,2024-07-01,fremont_3,Fremont
1308.7139839721692,145.6935193111432,0.06454618873081941,1.1021163313377094,139.67915626666402,1.0,2024-07-01,fremont_4,Fremont
1634.0610446992498,208.25368228863186,0.7303407335122387,1.1290625638735388,168.01704708664823,1.0,2024-07-01,fremont_5,Fremont
1522.845215987082,247.0885801487145,0.4529672991522003,1.066983187261076,156.30967811187648,1.0,2024-07-01,fremont_6,Fremont
1232.968315580429,156.9980638268334,0.057842370263384894,1.1245745329451187,123.30284707191313,1.0,2024-07-01,fremont_7,Fremont
1503.283178107394,170.33226397728498,0.4718523628837531,1.1228046768397244,103.42044281204268,1.0,2024-07-01,fremont_8,Fremont
1090.0930239558716,83.77815787638549,0.004356606881906429,1.3045977214426443,87.70016438729402,1.0,2024-07-01,berlin_1,Giga Berlin
1207.6314165095953,443.6769698598195,0.18997387652524728,1.151424463958666,70.08933955297684,1.0,2024-07-01,berlin_2,Giga Berlin
1967.1238642089672,346.94866271854374,0.8960720729506998,1.2832409175369557,434.22939302801524,1.0,2024-07-01,berlin_3,Giga Berlin
1273.236003166494,286.04438712666973,0.20875144623530123,1.6522888544339558,130.339136560739,1.0,2024-07-01,berlin_4,Giga Berlin
1818.8502629961076,184.93707006482273,0.9435412254935446,1.1783047051692217,166.0027449256801,5.0,2024-08-01,giga_tx_north,Giga Texas
1786.6603048110733,290.94443702383927,0.8006866393514509,1.05935325744821,158.4874184704755,5.0,2024-08-01,giga_tx_west,Giga Texas
2115.6604604323293,257.16964927170807,0.9876695004566852,1.09053948037206,249.80978011541643,5.0,2024-08-01,giga_tx_west_small,Giga Texas
1403.3754449216212,264.7487266683707,0.2619762119364473,1.1427796820619491,159.90819105646224,5.0,2024-08-01,giga_tx_east,Giga Texas
1521.709194855951,310.5187133307036,0.5080507803216352,1.155451193426305,116.7514229223256,1.0,2024-08-01,fremont_1,Fremont
1439.9540901088553,292.90699486887985,0.4341106895782194,1.2756922931022505,135.23895449401218,1.0,2024-08-01,fremont_2,Fremont
1383.4502534194266,339.04613520060417,0.3285300410899245,1.165377607564164,115.25466657322275,1.0,2024-08-01,fremont_3,Fremont
1126.0815887018289,133.15102130807756,0.0,1.105058458852613,114.75991392641521,1.0,2024-08-01,fremont_4,Fremont
1509.6136320511773,134.44383115787824,0.42250142311132804,1.1298628182340342,142.7609942384307,1.0,2024-08-01,fremont_5,Fremont
2412.4410981025435,1349.430397708598,0.5564796124343966,1.0316385760132165,149.55407739517605,1.0,2024-08-01,fremont_6,Fremont
1128.634397170235,123.5008410655856,0.005115243425407715,1.1222995955839048,101.22494551176084,1.0,2024-08-01,fremont_7,Fremont
1431.4560691426175,258.2853471677949,0.4416810394388871,1.1244116966999225,100.89765299703599,1.0,2024-08-01,fremont_8,Fremont
949.305372053869,88.55336187870618,0.0,1.2941737564842517,82.88198725053485,3.0,2024-08-01,berlin_1,Giga Berlin
1114.7732989429364,426.1484965557978,0.08042062101121,1.1716168480020592,77.73790372042701,3.0,2024-08-01,berlin_2,Giga Berlin
1775.0279051055727,341.1218317726414,0.7880479836153508,1.1735631085383564,329.08447403618675,3.0,2024-08-01,berlin_3,Giga Berlin
1382.0485977793953,338.84844824107904,0.35042962402689587,1.7955297918296502,118.91791814355979,3.0,2024-08-01,berlin_4,Giga Berlin
1594.3999590135943,165.60283936400825,0.764464785846028,1.1359216399312875,157.917482378523,5.0,2024-09-01,giga_tx_north,Giga Texas
1645.0395636248224,327.39843453202906,0.597930058013508,1.047118322247048,146.1613392549266,5.0,2024-09-01,giga_tx_west,Giga Texas
2164.333907117263,215.74359605299296,0.98085435256095,1.080444450581098,258.9371813484793,5.0,2024-09-01,giga_tx_west_small,Giga Texas
1318.1824128566318,217.68769436760442,0.17449764063411274,1.1308653969327929,160.70331086527833,5.0,2024-09-01,giga_tx_east,Giga Texas
1401.346383255433,313.86165517261156,0.33851897330270153,1.2000776318009738,132.36873197687407,2.0,2024-09-01,fremont_1,Fremont
1323.698015076001,324.34939609148955,0.3006211411143348,1.3950459129039041,136.58454170964734,2.0,2024-09-01,fremont_2,Fremont
1292.6657924801013,303.45556037536454,0.21785234136827558,1.1719158164382648,134.10402369873637,2.0,2024-09-01,fremont_3,Fremont
1075.552432130211,134.5103488938874,0.014598993601292166,1.1086251162689973,115.01629135552255,2.0,2024-09-01,fremont_4,Fremont
1406.146627903825,148.09618944194804,0.19350248027974312,1.1308744846765322,159.3492285471968,2.0,2024-09-01,fremont_5,Fremont
1936.4088547974704,1053.9652973758493,0.4629794105773113,1.0614561814056709,137.66908172596146,2.0,2024-09-01,fremont_6,Fremont
957.94339297774,109.75015000215072,0.0,1.145894161236809,118.90082764512464,2.0,2024-09-01,fremont_7,Fremont
1399.0758767391055,239.51304524165897,0.2618834080717489,1.117473015281387,128.74308744445145,2.0,2024-09-01,fremont_8,Fremont
912.9698102467885,124.22428280366316,0.0,1.2711164719430343,86.76286755037802,5.0,2024-09-01,berlin_1,Giga Berlin
1101.5027280843885,499.96423925259967,0.09399490757580774,1.1774047245143189,85.2234585024166,5.0,2024-09-01,berlin_2,Giga Berlin
1151.8113164610465,481.0866532159409,0.2875725362071488,1.118269447333338,143.15736671513815,5.0,2024-09-01,berlin_3,Giga Berlin
1214.2317875842252,313.9154912642503,0.18338423867930273,1.7599518590022405,137.78342030576047,5.0,2024-09-01,berlin_4,Giga Berlin
1620.4773550105876,164.87352810033215,0.8295990163262519,1.1811004989491252,172.92842900946974,9.0,2024-10-01,giga_tx_north,Giga Texas
1732.3032790788045,297.4212536034448,0.7267175381222661,1.0565799667128901,151.1307573467829,9.0,2024-10-01,giga_tx_west,Giga Texas
2303.998700203753,212.31760100959505,0.9890044263331694,1.1059839871750665,268.8334668683069,9.0,2024-10-01,giga_tx_west_small,Giga Texas
1333.5100778207832,193.42461832408344,0.14941943693335455,1.136794114856705,153.8278266694644,9.0,2024-10-01,giga_tx_east,Giga Texas
1274.475062056035,272.99553222441443,0.17436425572367906,1.1843915541707335,103.25457710485983,2.0,2024-10-01,fremont_1,Fremont
1291.483281261624,273.5463392168544,0.2424681990627094,1.3956332368106974,122.2082163293889,2.0,2024-10-01,fremont_2,Fremont
1329.6703653910488,265.91848390162767,0.22896744996307586,1.1967503733006313,128.8745366754365,2.0,2024-10-01,fremont_3,Fremont
950.1135718871014,88.93866238142007,0.0,1.1070883427806215,94.2736469236859,2.0,2024-10-01,fremont_4,Fremont
1477.886476376352,176.28398860098656,0.37252988533788745,1.133488172561223,150.55560005207425,2.0,2024-10-01,fremont_5,Fremont
1713.813699367515,911.9211969760283,0.4319741622930965,1.046829776318249,110.02198090966581,2.0,2024-10-01,fremont_6,Fremont
1058.3800859895823,83.73742423312142,0.0,1.165030897124339,110.17342228552218,2.0,2024-10-01,fremont_7,Fremont
1502.6670365260052,169.82885335415742,0.5040473726572382,1.172290592994777,149.23399603999573,2.0,2024-10-01,fremont_8,Fremont
813.1951378588824,142.85918020082195,0.0,1.2921418834613345,91.75483090736091,2.0,2024-10-01,berlin_1,Giga Berlin
1224.5230592021876,860.0203142343754,0.17464700241394143,1.155581753921421,101.67060823613139,2.0,2024-10-01,berlin_2,Giga Berlin
1049.594270655548,292.79199194652887,0.06636758180133613,1.0976922140580823,132.41586284744892,2.0,2024-10-01,berlin_3,Giga Berlin
1978.2976445727907,319.9303031807184,0.9327280244345654,1.3834807665218463,89.14549475693929,2.0,2024-10-01,berlin_4,Giga Berlin
1454.886171641961,192.63991435091296,0.40907848896782567,1.2452475403070444,152.60503385179163,6.0,2024-11-01,giga_tx_north,Giga Texas
1442.1831196982805,325.96316026449233,0.4462604468167757,1.089959281125419,131.2793095677951,6.0,2024-11-01,giga_tx_west,Giga Texas
2116.1477200871223,241.1510194036279,0.9831904728447973,1.1227154874165253,254.15646535572645,6.0,2024-11-01,giga_tx_west_small,Giga Texas
1298.0338075629315,201.48463923945636,0.14124030185744835,1.1729109450919564,169.76467884424693,6.0,2024-11-01,giga_tx_east,Giga Texas
1338.794843737621,278.13940841596167,0.2614275528796642,1.1839815612732072,117.60982563953137,2.0,2024-11-01,fremont_1,Fremont
1295.2617564283782,321.07623134110366,0.2582942795506957,1.404655967553811,120.36150706848333,2.0,2024-11-01,fremont_2,Fremont
1286.7915254397753,351.68881722587855,0.17240726363825712,1.223151352402904,128.57905344858827,2.0,2024-11-01,fremont_3,Fremont
999.4008096746807,94.52058145351363,0.0,1.155589759721003,114.98446459428455,2.0,2024-11-01,fremont_4,Fremont
1214.1856008240493,212.93777529465802,0.08652516874034322,1.1220660582185242,121.56774475145379,2.0,2024-11-01,fremont_5,Fremont
1843.816471538151,1052.021568265716,0.40056519983851435,1.0457592866849164,128.31191068171265,2.0,2024-11-01,fremont_6,Fremont
893.5701457008562,103.1976413079051,0.0,1.2089263528910754,105.2413261124858,2.0,2024-11-01,fremont_7,Fremont
1349.4911061285493,214.4333654505849,0.24057721053236752,1.161232968233152,116.77848304790922,2.0,2024-11-01,fremont_8,Fremont
,,,,,,2024-11-01,berlin_1,Giga Berlin
,,,,,,2024-11-01,berlin_2,Giga Berlin
,,,,,,2024-11-01,berlin_3,Giga Berlin
,,,,,,2024-11-01,berlin_4,Giga Berlin
1543.5210396885038,225.03445632289225,0.5750734339777309,1.241628435432947,157.96803846516775,7.0,2024-12-01,giga_tx_north,Giga Texas
1508.7824489301563,344.2553840009984,0.49147088674209743,1.0966513034679193,138.59545657445713,7.0,2024-12-01,giga_tx_west,Giga Texas
2195.2463406637166,266.6873418152956,0.9791681304011804,1.1275779801089238,258.2004336021236,7.0,2024-12-01,giga_tx_west_small,Giga Texas
1370.7423431065886,198.89875962097756,0.20822155064241907,1.1851171000171066,169.27142692251343,7.0,2024-12-01,giga_tx_east,Giga Texas
1389.887771000026,270.942355034805,0.3107918086033432,1.1634448148211092,129.48233248678943,4.0,2024-12-01,fremont_1,Fremont
1277.7407045798311,281.63076789133726,0.21924049691289166,1.4048536726787284,130.46493834844807,4.0,2024-12-01,fremont_2,Fremont
1340.9789911192745,425.425120566928,0.21505936263278477,1.1800196919142818,136.69528331218916,4.0,2024-12-01,fremont_3,Fremont
1029.4609036880577,112.47960154333265,0.0,1.173542693671488,119.20678449556422,4.0,2024-12-01,fremont_4,Fremont
1223.7921579789113,217.5925170110552,0.07180613157680737,1.156859614445334,120.78462633793264,4.0,2024-12-01,fremont_5,Fremont
1913.2958013726288,1087.6550310696557,0.3702866370609609,1.0708675672456216,133.72593967571748,4.0,2024-12-01,fremont_6,Fremont
673.9618078540716,171.75078988659428,0.0,1.2260868685041575,70.18634492892494,4.0,2024-12-01,fremont_7,Fremont
1360.1260856233935,233.91351889949644,0.24184201448775441,1.1922666970950597,90.71897793209912,4.0,2024-12-01,fremont_8,Fremont
793.4780883471763,195.20439829682118,0.0006978233384963187,1.3287442234231572,70.44601933502064,1.0,2024-12-01,berlin_1,Giga Berlin
1135.075206948624,457.20047780758625,0.07119473562382203,1.1902386374065512,75.2762974458148,1.0,2024-12-01,berlin_2,Giga Berlin
739.9385738203207,217.71599913864654,0.018603403715804358,1.1099523506795161,47.93674507469702,1.0,2024-12-01,berlin_3,Giga Berlin
983.6075000186952,254.97495162228822,0.03920299214465878,1.6715162635466294,79.66420681181297,1.0,2024-12-01,berlin_4,Giga Berlin
1475.807010952478,203.05574191348606,0.4424140993237244,1.2323007983000165,153.38256208001124,3.0,2025-01-01,giga_tx_north,Giga Texas
1502.7395765724077,313.9627039928887,0.4909270884236123,1.1133592397010594,135.3150056744916,3.0,2025-01-01,giga_tx_west,Giga Texas
2182.999918030867,253.07133720836072,0.9774116489847537,1.1512077208400369,244.9846905381585,3.0,2025-01-01,giga_tx_west_small,Giga Texas
1366.1566713205962,191.0902473750822,0.2331018150327837,1.190943911594708,175.94029662795697,3.0,2025-01-01,giga_tx_east,Giga Texas
1407.4507446724244,231.562226284175,0.2857383347857087,1.1798721398414729,124.25676660349178,5.0,2025-01-01,fremont_1,Fremont
1363.1109313397326,275.8007464876818,0.31817674626199527,1.323700832911786,126.00990733757843,5.0,2025-01-01,fremont_2,Fremont
1354.9109497390064,417.68077898009176,0.21876124292287588,1.1602710583774516,129.8824230514306,5.0,2025-01-01,fremont_3,Fremont
1011.3715392102054,109.64071465356449,0.0,1.1670724826617758,120.20722892194465,5.0,2025-01-01,fremont_4,Fremont
1217.192797701337,263.2541526755463,0.14519801577620564,1.173776974938826,117.58792146556533,5.0,2025-01-01,fremont_5,Fremont
1964.298533171848,1099.2867649297966,0.4800968914008883,1.0761007495958033,136.2909999139313,5.0,2025-01-01,fremont_6,Fremont
858.8854218905675,217.73350928361816,0.005115243425407715,1.2645023850105848,67.86809523984628,5.0,2025-01-01,fremont_7,Fremont
1446.4194856463914,262.80707636452826,0.46063010233413826,1.259594155846322,85.34613875818334,5.0,2025-01-01,fremont_8,Fremont
692.6002165532874,138.73126449097097,0.0,1.24207995782023,69.90232713358225,1.0,2025-01-01,berlin_1,Giga Berlin
1180.031304079451,706.5672695323785,0.11849806554016078,1.1343375270099076,101.72025054284178,1.0,2025-01-01,berlin_2,Giga Berlin
718.229116886917,181.10276425453,0.0,1.1543309576748795,72.43520319273776,1.0,2025-01-01,berlin_3,Giga Berlin
1030.9560697013287,280.4466770946083,0.08978356948499601,1.5532448514332544,101.16049512371865,1.0,2025-01-01,berlin_4,Giga Berlin
1680.5937905594647,195.5091506232906,0.8954505089145436,1.1840654699208972,179.36178338785706,2.0,2025-02-01,giga_tx_north,Giga Texas
1596.2113921988782,358.60873433220075,0.5508075530328668,1.1039390121468369,153.39269724373392,2.0,2025-02-01,giga_tx_west,Giga Texas
2171.69302267032,278.83663197152504,0.9791856952153447,1.1250521816566799,251.78597439218223,2.0,2025-02-01,giga_tx_west_small,Giga Texas
1537.4255518441923,165.93000194809636,0.5711256030963362,1.1738839782399446,172.39158257580044,2.0,2025-02-01,giga_tx_east,Giga Texas
,,,,,,2025-02-01,fremont_1,Fremont
,,,,,,2025-02-01,fremont_2,Fremont
,,,,,,2025-02-01,fremont_3,Fremont
,,,,,,2025-02-01,fremont_4,Fremont
,,,,,,2025-02-01,fremont_5,Fremont
,,,,,,2025-02-01,fremont_6,Fremont
,,,,,,2025-02-01,fremont_7,Fremont
,,,,,,2025-02-01,fremont_8,Fremont
1044.1878257649216,202.35926985848795,0.005473124223500542,1.2613593437044173,107.71743363601935,4.0,2025-02-01,berlin_1,Giga Berlin
1464.266175611477,456.57189812535546,0.27365166495816945,1.1543964324708331,92.41112851349956,4.0,2025-02-01,berlin_2,Giga Berlin
1164.1477137887875,192.2375951321224,0.06786706978105038,1.1053866361660831,95.4963304890673,4.0,2025-02-01,berlin_3,Giga Berlin
1185.912049663962,304.8613439632586,0.15609405897755568,1.507166598363576,113.98011393292526,4.0,2025-02-01,berlin_4,Giga Berlin
1669.8254548352584,179.85849483667286,0.8128970558098233,1.2159934997362007,168.70226453129396,9.0,2025-03-01,giga_tx_north,Giga Texas
1679.3670705475956,325.4785451130652,0.6332017692240233,1.1283696542690553,165.43807618642802,9.0,2025-03-01,giga_tx_west,Giga Texas
2071.5651010562306,265.5443814942621,0.98085435256095,1.1549515787573654,235.14436761387424,9.0,2025-03-01,giga_tx_west_small,Giga Texas
1584.6619385092101,168.07338139373894,0.6848028559814785,1.1885808081207287,170.93134353294244,9.0,2025-03-01,giga_tx_east,Giga Texas
1453.2237087063286,262.78733702604563,0.4340093480155274,1.225026996909067,122.01892332573776,2.0,2025-03-01,fremont_1,Fremont
1418.1593394331621,286.3218664851533,0.3999107342111138,1.4829005302456564,124.54573019897349,2.0,2025-03-01,fremont_2,Fremont
1502.2815212108574,456.2838881707449,0.3530325121660261,1.1863626950192185,131.42895574928278,2.0,2025-03-01,fremont_3,Fremont
1131.2689217452528,135.60022622015615,0.0018015779337764801,1.1268028449045766,118.86023019245215,2.0,2025-03-01,fremont_4,Fremont
1406.4308435661826,174.84827079628704,0.3118646824428723,1.15668157151831,128.766593443613,2.0,2025-03-01,fremont_5,Fremont
2121.997645000674,1188.9009049025078,0.5180460234154219,1.0673971673268001,127.77204134041386,2.0,2025-03-01,fremont_6,Fremont
930.6929349461387,235.55110075650526,0.022466951515516243,1.2392353554058444,57.045837620779075,2.0,2025-03-01,fremont_7,Fremont
1426.6398509064445,178.5371483922896,0.35852592848108544,1.2321227215058639,76.20256103437552,2.0,2025-03-01,fremont_8,Fremont
1088.0267982405785,202.01564232597028,0.0018198138043139292,1.2299591206559786,102.40086152906352,7.0,2025-03-01,berlin_1,Giga Berlin
1364.4826063952912,416.7910862334682,0.17377070864058736,1.15435586974619,97.79741550939235,7.0,2025-03-01,berlin_2,Giga Berlin
1156.533793338859,152.7952911013252,0.024064953430535913,1.0981855159093652,56.02230675302603,7.0,2025-03-01,berlin_3,Giga Berlin
1243.0661459685398,261.9466807109732,0.20653682331411424,1.544477929689208,141.99778744887075,7.0,2025-03-01,berlin_4,Giga Berlin
1693.879044561332,182.38761713368558,0.921579342851288,1.228185174268637,164.20514565194986,5.0,2025-04-01,giga_tx_north,Giga Texas
1685.1091155132838,315.27988232346365,0.6352040496685846,1.1221727336287197,154.37759751756954,5.0,2025-04-01,giga_tx_west,Giga Texas
2121.2985315815354,225.95922521364614,0.9777453804538749,1.1516546664896832,246.48169442970413,5.0,2025-04-01,giga_tx_west_small,Giga Texas
1577.5992282723312,153.11715933038963,0.6807698425322093,1.1966524386070012,167.85709920550295,5.0,2025-04-01,giga_tx_east,Giga Texas
1516.013972510496,267.3023970836887,0.4947714489424069,1.218511261407185,130.21481261659508,2.0,2025-04-01,fremont_1,Fremont
1454.2122852041962,284.4241284863154,0.4266160827196313,1.4595374743037999,131.06091150750623,2.0,2025-04-01,fremont_2,Fremont
1528.1295011140342,488.76897231986743,0.4631421484160498,1.168378234373029,127.86741063675872,2.0,2025-04-01,fremont_3,Fremont
1147.5201383280528,157.4816573106113,0.01764303907560415,1.142596044437632,126.70404763768525,2.0,2025-04-01,fremont_4,Fremont
1452.4719918137218,185.15217166519244,0.4311214117264374,1.1483925899816492,132.78072131744662,2.0,2025-04-01,fremont_5,Fremont
2197.1763692638956,1220.7196148135936,0.5180460234154219,1.057735965899645,124.81797458162337,2.0,2025-04-01,fremont_6,Fremont
958.3318756561221,314.84710809453793,0.03225612324727689,1.2761457456413277,75.00862973478249,2.0,2025-04-01,fremont_7,Fremont
1503.126091372504,187.85353769205003,0.6045647924571692,1.2093227228593035,74.73140452721009,2.0,2025-04-01,fremont_8,Fremont
1113.6166176822135,193.12013972502746,0.0,1.276439858550429,102.94959569112598,6.0,2025-04-01,berlin_1,Giga Berlin
1253.8563374227037,339.4737157596673,0.08167719321451015,1.1687892416335257,96.7173132164546,6.0,2025-04-01,berlin_2,Giga Berlin
1115.0685335088829,188.51647058977585,0.04352172428926708,1.0980054683380198,64.61398885688214,6.0,2025-04-01,berlin_3,Giga Berlin
1321.0315500971628,307.4213630429123,0.24814353064095865,1.7405626256052125,121.89603092063021,6.0,2025-04-01,berlin_4,Giga Berlin
1843.1370027551977,176.4140487375609,0.9522508368057927,1.2110330938824942,186.710763871262,4.0,2025-05-01,giga_tx_north,Giga Texas
1831.2877883446768,461.0510025023227,0.7311431041611842,1.1084235568147252,167.0302788356955,4.0,2025-05-01,giga_tx_west,Giga Texas
2127.1574568491064,191.68928509884364,0.987651935642521,1.1395780951688914,246.90307068648843,4.0,2025-05-01,giga_tx_west_small,Giga Texas
1625.4227665553249,154.73107545130244,0.8101655974409275,1.2070106882403846,168.71250941832017,4.0,2025-05-01,giga_tx_east,Giga Texas
1539.334848424833,283.1363985317985,0.5330943515804485,1.2151981625733648,143.7914991596666,3.0,2025-05-01,fremont_1,Fremont
1500.9713915544662,278.81864688214915,0.5017853157777286,1.4139019097526178,149.59130606650214,3.0,2025-05-01,fremont_2,Fremont
1498.8880599370077,495.42252151648285,0.35547518509401466,1.2258823445896612,145.3040785429162,3.0,2025-05-01,fremont_3,Fremont
1254.2091901182418,112.30976264367283,0.024228117040442317,1.1174532055222621,137.5788815860434,3.0,2025-05-01,fremont_4,Fremont
1575.2403973868975,159.35898320828838,0.6176303163373182,1.1472126617708032,161.45731491429714,3.0,2025-05-01,fremont_5,Fremont
2172.4036603418117,1085.523128961596,0.5307226483649576,1.056328923636484,143.70143584047057,3.0,2025-05-01,fremont_6,Fremont
906.4135156098507,162.47367615378482,0.0040119556277707575,1.2047193128427973,62.146641919229666,3.0,2025-05-01,fremont_7,Fremont
1499.6423287723715,225.49806794080027,0.4506726457399103,1.169271815488667,88.75101426510925,3.0,2025-05-01,fremont_8,Fremont
1194.5984879582234,196.59336655999607,0.0036533104191866107,1.3172452156943821,80.70975667181295,2.0,2025-05-01,berlin_1,Giga Berlin
1540.626172525161,667.4739322354128,0.31740021824675124,1.1447551303764831,100.51366566567168,2.0,2025-05-01,berlin_2,Giga Berlin
1309.4834426456018,154.37711464350872,0.09310235529331445,1.0987914071373803,42.9159430538036,2.0,2025-05-01,berlin_3,Giga Berlin
1399.864681518423,411.2293327675583,0.3782069566722326,1.7166006286045317,111.24450650319307,2.0,2025-05-01,berlin_4,Giga Berlin
1893.9921898126008,220.0159196204895,0.9522508368057927,1.1774861681118594,180.28136502114083,4.0,2025-06-01,giga_tx_north,Giga Texas
1964.8663851612462,512.8055994628278,0.8102870603566008,1.0650720704126453,164.77522033590904,4.0,2025-06-01,giga_tx_west,Giga Texas
2175.772354153492,229.36359110946273,0.9876695004566852,1.09199686680801,233.60610401816365,4.0,2025-06-01,giga_tx_west_small,Giga Texas
1692.1458995340208,170.02007494722443,0.8647296891292438,1.1400291482098135,167.834114196952,4.0,2025-06-01,giga_tx_east,Giga Texas
1527.4249006443272,291.5688862817568,0.5148736433494415,1.205534389123557,141.69373407634635,2.0,2025-06-01,fremont_1,Fremont
1525.8748574226984,325.6873359055697,0.5299226363162988,1.4572778105700186,151.1380210040945,2.0,2025-06-01,fremont_2,Fremont
1544.7709867893684,541.1500301740316,0.48846831152600784,1.247292780099017,138.68487942733145,2.0,2025-06-01,fremont_3,Fremont
1306.3579134828428,148.70584127573355,0.09492452009691246,1.1235224532927561,140.82134332108296,2.0,2025-06-01,fremont_4,Fremont
1669.8221585210497,135.42293688961396,0.8758233715540373,1.1392271611208191,159.12457475048558,2.0,2025-06-01,fremont_5,Fremont
2093.314412595882,1051.1420390400224,0.5101332256762213,1.0657876011620409,139.56759417619705,2.0,2025-06-01,fremont_6,Fremont
883.4784257086113,175.56564425285856,0.004021985516840184,1.2479093417076932,63.00979814886764,2.0,2025-06-01,fremont_7,Fremont
1532.791081215745,234.63190926806405,0.48452339887317464,1.1364406164358942,102.35841855648853,2.0,2025-06-01,fremont_8,Fremont
1076.8387544628854,167.33451096942315,0.0,1.3530371590271053,95.71646687569238,2.0,2025-06-01,berlin_1,Giga Berlin
1174.7310163905518,324.67279421106025,0.05644654607982544,1.1907250512024719,105.39395018393893,2.0,2025-06-01,berlin_2,Giga Berlin
1345.478385429365,265.36854398101195,0.3085531769639635,1.182788113368516,66.92893522395968,2.0,2025-06-01,berlin_3,Giga Berlin
1279.1292151816533,296.32194725667443,0.1839611303230272,1.7734587359707112,179.82777178757007,2.0,2025-06-01,berlin_4,Giga Berlin
2004.4511066329671,189.78789605772334,0.9772525445727167,1.1956411739802524,185.13153743679877,4.0,2025-07-01,giga_tx_north,Giga Texas
1945.0107540085262,458.7438746560617,0.852390081319149,1.0972539502359218,159.20329534230814,4.0,2025-07-01,giga_tx_west,Giga Texas
2252.7751645237604,256.2341951175841,0.9916742780861377,1.123634747711358,232.40326906017523,4.0,2025-07-01,giga_tx_west_small,Giga Texas
1773.5629694431173,168.58147632872357,0.9318028383083256,1.169454926293617,171.15722150476293,4.0,2025-07-01,giga_tx_east,Giga Texas
,,,,,,2025-07-01,fremont_1,Fremont
,,,,,,2025-07-01,fremont_2,Fremont
,,,,,,2025-07-01,fremont_3,Fremont
,,,,,,2025-07-01,fremont_4,Fremont
,,,,,,2025-07-01,fremont_5,Fremont
,,,,,,2025-07-01,fremont_6,Fremont
,,,,,,2025-07-01,fremont_7,Fremont
,,,,,,2025-07-01,fremont_8,Fremont
1061.8214019225334,194.89673916272469,0.0024328037173459898,1.2790235634557348,100.74715789841466,1.0,2025-07-01,berlin_1,Giga Berlin
1076.7856166572972,277.9213701966579,0.06487880691776071,1.133261315410618,103.19331194563038,1.0,2025-07-01,berlin_2,Giga Berlin
1342.20976983469,362.95431730098824,0.2445140683668991,1.1112589867429927,86.15394224994994,1.0,2025-07-01,berlin_3,Giga Berlin
1240.4522264278326,311.3286267459936,0.16208732216513833,1.6617060348877886,210.13592713985366,1.0,2025-07-01,berlin_4,Giga Berlin
1819.1284923833603,131.5858097417999,0.9934080196734749,1.1480810407976123,183.1904480595727,9.0,2025-08-01,giga_tx_north,Giga Texas
1795.2924707739737,425.0784543675119,0.7255948577228124,1.0619500764802172,157.23392116203277,9.0,2025-08-01,giga_tx_west,Giga Texas
2155.291856952152,233.87953972809294,0.9876695004566852,1.0870096587446982,231.70325065389565,9.0,2025-08-01,giga_tx_west_small,Giga Texas
1679.0865713494613,189.3450667608123,0.8550589399643003,1.1307368863816651,162.29350368603556,9.0,2025-08-01,giga_tx_east,Giga Texas
1462.2386945786795,296.0881265438095,0.39740949061237435,1.1551342041839396,124.43267935629751,2.0,2025-08-01,fremont_1,Fremont
1410.761229512261,285.9418530892041,0.38142527709588664,1.3788153328533388,128.76262975366905,2.0,2025-08-01,fremont_2,Fremont
1409.9332935688897,441.72974445233325,0.2615932286834182,1.1680136006190167,124.51702111361911,2.0,2025-08-01,fremont_3,Fremont
1134.4702429024042,124.78514873857878,0.01664906504317575,1.1272707220259237,113.60671238027595,2.0,2025-08-01,fremont_4,Fremont
1545.1186400477088,125.68766118633388,0.6469464096934213,1.121271422871028,150.55244174619716,2.0,2025-08-01,fremont_5,Fremont
1767.1614722110085,800.6441550295715,0.48292289059345994,1.0432249476225475,130.80093289247586,2.0,2025-08-01,fremont_6,Fremont
1005.0329515288907,291.43137112725816,0.06289743435437606,1.145200365067696,55.36285927716318,2.0,2025-08-01,fremont_7,Fremont
1561.30589475298,143.61220548000168,0.7194319880418537,1.1068681382077192,99.71933508584439,2.0,2025-08-01,fremont_8,Fremont
926.0497169482667,146.10600913861273,0.0,1.35001410601867,80.16597890568487,3.0,2025-08-01,berlin_1,Giga Berlin
1157.8644720743364,443.0678058338137,0.0659700406732582,1.1549878855567481,97.00570589789581,3.0,2025-08-01,berlin_2,Giga Berlin
1097.9038702231765,140.20409843735038,0.0031086945920905055,1.1375255576261767,67.40786373849006,3.0,2025-08-01,berlin_3,Giga Berlin
1213.8539096694503,415.73968312048055,0.24934538823205135,2.1032364380792794,164.08615299115226,3.0,2025-08-01,berlin_4,Giga Berlin
1750.737425142883,142.9356219404591,0.9846984083612268,1.1294425304309823,172.84293817914957,6.0,2025-09-01,giga_tx_north,Giga Texas
1842.9929540110384,348.5135975789883,0.8331892393088494,1.0560858555110717,150.51789825290044,6.0,2025-09-01,giga_tx_west,Giga Texas
2293.7109475631764,239.03848830830174,0.9876695004566852,1.0720374645116133,234.49091529406167,6.0,2025-09-01,giga_tx_west_small,Giga Texas
1650.284753371154,186.81143092959087,0.8159164413339695,1.11788166721178,149.45378334640392,6.0,2025-09-01,giga_tx_east,Giga Texas
1432.943421730176,319.8738160474283,0.356719876416066,1.1522640920742613,113.2976369981643,2.0,2025-09-01,fremont_1,Fremont
1342.547245778473,300.46254124632884,0.3030201591906571,1.4225814391222393,119.6961800127417,2.0,2025-09-01,fremont_2,Fremont
1394.2427082741597,475.05710723434123,0.24088731514267855,1.1975897030247484,121.89326253200228,2.0,2025-09-01,fremont_3,Fremont
1068.7954794889313,100.5131623571518,0.0,1.1259333386485382,107.13710958728993,2.0,2025-09-01,fremont_4,Fremont
1417.8707137242154,118.37814587584185,0.2522159876392617,1.1038735208456587,137.04010027921763,2.0,2025-09-01,fremont_5,Fremont
1814.6144933387168,906.0080317335182,0.43689947517157857,1.0242811322046776,118.3017253279294,2.0,2025-09-01,fremont_6,Fremont
1002.6081990999851,332.1043659704195,0.08080078634330305,1.1566782359985988,65.54336398636639,2.0,2025-09-01,fremont_7,Fremont
1492.4196255413754,133.3415622971221,0.4595952627342762,1.08329075153899,107.26114689825093,2.0,2025-09-01,fremont_8,Fremont
874.0640018024894,153.0211691547557,0.0,1.4019559007813827,70.46730246934663,5.0,2025-09-01,berlin_1,Giga Berlin
1080.0233898790827,394.32637828494376,0.05644654607982544,1.171185982715604,89.26282914420622,5.0,2025-09-01,berlin_2,Giga Berlin
1090.3540864095207,139.53990682517934,0.0031086945920905055,1.1209202598858987,72.24084458105979,5.0,2025-09-01,berlin_3,Giga Berlin
960.0099706105765,357.3357816139704,0.1052795200261524,2.702070279969915,145.5982549766352,5.0,2025-09-01,berlin_4,Giga Berlin
1616.971047658082,178.67012065944252,0.6909283420998706,1.1260808657036443,188.44120434611696,11.0,2025-10-01,giga_tx_north,Giga Texas
1758.6674794404987,357.49662679206125,0.6999761931611713,1.0528595989626184,163.63005928806166,11.0,2025-10-01,giga_tx_west,Giga Texas
2294.4954331483177,248.52624199026673,0.9890044263331694,1.0770136751162036,247.9974865381625,11.0,2025-10-01,giga_tx_west_small,Giga Texas
1559.7212790649724,194.4728389209233,0.6627750384391071,1.1134637178062263,159.42830468452073,11.0,2025-10-01,giga_tx_east,Giga Texas
1471.3149310781916,280.12194918230267,0.45710211518656424,1.194986672154538,109.79803989832479,3.0,2025-10-01,fremont_1,Fremont
1359.1464082918008,307.1839753809625,0.3337052741203602,1.4846146967976759,120.16137458675381,3.0,2025-10-01,fremont_2,Fremont
1391.657340958008,471.1943027611361,0.2576451875556229,1.1984280793674118,113.10032627602148,3.0,2025-10-01,fremont_3,Fremont
1080.751796400986,116.76215316137576,0.0,1.170306309296594,111.49160309201119,3.0,2025-10-01,fremont_4,Fremont
1352.187362771408,165.59961393998705,0.23639912173700914,1.1147419280200446,116.9665624250243,3.0,2025-10-01,fremont_5,Fremont
1945.7946440586734,1073.6944155560316,0.47807832054905136,1.0390931354543143,133.70592782608776,3.0,2025-10-01,fremont_6,Fremont
867.174703951108,270.54932409973185,0.014302621813002748,1.1724561593911944,57.41367121074894,3.0,2025-10-01,fremont_7,Fremont
1505.9443141313104,176.8500147828943,0.6101759227319766,1.0957801070385185,83.15641596065768,3.0,2025-10-01,fremont_8,Fremont
1018.608430800559,155.1741139866083,0.0,1.4388491796344653,69.45702691224932,2.0,2025-10-01,berlin_1,Giga Berlin
1242.0241311464563,563.5467284713278,0.11385205515690626,1.1792737157816864,89.17437553073349,2.0,2025-10-01,berlin_2,Giga Berlin
1131.823513515709,113.47382118895514,0.006217389184181011,1.1122079143229437,57.236892007368596,2.0,2025-10-01,berlin_3,Giga Berlin
2219.4892847718734,917.630897835161,0.7527153969174754,1.662464714201474,102.13226406263546,2.0,2025-10-01,berlin_4,Giga Berlin
1615.49028849876,188.13607660311638,0.7386775052940777,1.185132624944742,209.51206922680936,7.0,2025-11-01,giga_tx_north,Giga Texas
1629.6101300187563,427.25495380775794,0.5653973862596959,1.0947215216779695,157.4358545359609,7.0,2025-11-01,giga_tx_west,Giga Texas
2199.6662919506307,280.1547496594966,0.9791856952153447,1.1189103260178292,245.68270099525137,7.0,2025-11-01,giga_tx_west_small,Giga Texas
1532.2843103641233,205.68823717413414,0.5838432037891238,1.1521130644127313,152.52056993470646,7.0,2025-11-01,giga_tx_east,Giga Texas
1438.9518075470705,297.8220978343257,0.3919729858195359,1.2012822813180632,120.1828432124008,3.0,2025-11-01,fremont_1,Fremont
1352.5379317612653,319.3848362419887,0.3593877854645543,1.4654724452586037,121.84763786865315,3.0,2025-11-01,fremont_2,Fremont
1361.4485018903897,430.10615261211245,0.21140482096532914,1.2009928588724006,118.82666199568733,3.0,2025-11-01,fremont_3,Fremont
1076.9853802986063,119.87161808227725,0.0,1.1494575350302585,112.21478519146993,3.0,2025-11-01,fremont_4,Fremont
1276.9991190263218,222.6017662957707,0.18061315768073524,1.1397404713396528,114.31081468824188,3.0,2025-11-01,fremont_5,Fremont
1881.8448391871893,1007.6640110315237,0.4588615260395641,1.0591184163593657,140.2929215166417,3.0,2025-11-01,fremont_6,Fremont
831.430205345263,241.35726185603292,0.009187378387595035,1.2721183206435798,63.88209331477606,3.0,2025-11-01,fremont_7,Fremont
1373.3574182668353,256.88477720339716,0.36398758192480163,1.1931562925002699,74.30180921501618,3.0,2025-11-01,fremont_8,Fremont
745.7470294618324,150.87801598889988,0.0,1.4131517248015337,86.11734471408435,4.0,2025-11-01,berlin_1,Giga Berlin
1084.6389807435828,581.8159331943021,0.07693197976257404,1.196481666912783,109.92314952487779,4.0,2025-11-01,berlin_2,Giga Berlin
775.7346901870917,104.43329619307869,0.0,1.1251824407376791,62.77037847772325,4.0,2025-11-01,berlin_3,Giga Berlin
811.144371407115,332.209237852361,0.07105061583182967,2.5355777406677182,143.0727784299729,3.0,2025-11-01,berlin_4,Giga Berlin
1561.3274130746624,217.460757105654,0.645262654552907,1.190858586565739,214.10141471873493,5.0,2025-12-01,giga_tx_north,Giga Texas
1587.6059742635573,421.276774067028,0.539793757596262,1.1106466944159592,162.5446117803684,5.0,2025-12-01,giga_tx_west,Giga Texas
2258.7460479168135,258.55666220768256,0.9791681304011804,1.1204766493776182,254.9436869740299,5.0,2025-12-01,giga_tx_west_small,Giga Texas
1514.4273462582985,189.55318355527393,0.535012282841136,1.1585712001900474,164.46204548418967,5.0,2025-12-01,giga_tx_east,Giga Texas
1778.4657140405084,288.7263217658449,0.8378257941852174,1.1384558701793426,82.04904197661335,3.0,2025-12-01,fremont_1,Fremont
1665.2946948845745,330.3477716031517,0.6410585434798782,1.3204928565271825,82.69463200681328,3.0,2025-12-01,fremont_2,Fremont
1718.1341923715383,440.8394076520258,0.7032152392493987,1.1295150619529017,107.91465685104046,3.0,2025-12-01,fremont_3,Fremont
1413.996893831149,104.0562657551636,0.19544014412623467,1.101154949617283,57.46353927536466,3.0,2025-12-01,fremont_4,Fremont
1681.4952969558979,204.6944564258225,0.8165406196633327,1.0866589053252378,65.38570673300994,3.0,2025-12-01,fremont_5,Fremont
2135.4422285022206,860.9112548980986,0.7603552684699234,1.0349033977238977,83.31891302377633,3.0,2025-12-01,fremont_6,Fremont
1234.4523045341784,306.98222226311856,0.16236384425588254,1.1205900539579097,45.153918002476615,3.0,2025-12-01,fremont_7,Fremont
1671.8150588325452,408.4354299542872,0.7083247096700012,1.1539349899378724,46.1859424032886,3.0,2025-12-01,fremont_8,Fremont
783.01159572586,145.4365885151228,0.0,1.3191354361481438,44.85458994193583,2.0,2025-12-01,berlin_1,Giga Berlin
1227.344174024228,447.9522598659389,0.04369895175424095,1.1572088430997187,68.70445702778827,2.0,2025-12-01,berlin_2,Giga Berlin
1029.3090773882093,59.39433651255429,0.0,1.1016492618596003,45.332565559169254,2.0,2025-12-01,berlin_3,Giga Berlin
787.7989393740288,185.9919287773764,0.0,2.0198696735981345,94.4059177935868,2.0,2025-12-01,berlin_4,Giga Berlin
1686.015073889382,264.9073552083235,0.7735501058815495,1.1631199332378062,235.44116840562646,3.0,2026-01-01,giga_tx_north,Giga Texas
1679.9696517101308,422.0346046362623,0.5926699996241036,1.094843125850767,186.2776692658497,3.0,2026-01-01,giga_tx_west,Giga Texas
2293.7426754724943,329.0934719812265,0.9746891027892925,1.0999889834433887,277.24747611243305,3.0,2026-01-01,giga_tx_west_small,Giga Texas
1722.6649111334978,178.5826080383764,0.9083823763321139,1.1374978158543978,187.02557166713365,3.0,2026-01-01,giga_tx_east,Giga Texas
1341.0607521983686,270.4221815003735,0.23841400617919672,1.21253193455126,127.36263715546679,3.0,2026-01-01,fremont_1,Fremont
1289.4587083736283,278.34112233235174,0.23543851818790468,1.4276304055035416,124.18779515213896,3.0,2026-01-01,fremont_2,Fremont
1311.1757903972027,441.35224902919197,0.15273333207097006,1.15706734615446,132.5946438275495,3.0,2026-01-01,fremont_3,Fremont
1013.8891511875918,106.88105358229394,0.0,1.164372295629844,116.24104609171069,3.0,2026-01-01,fremont_4,Fremont
1180.2692526632516,208.06265086549806,0.08229649508010087,1.1742914508459454,117.44018647676138,3.0,2026-01-01,fremont_5,Fremont
1883.0098775400354,1056.161564186319,0.45119095680258375,1.074432792737339,142.87105878454366,3.0,2026-01-01,fremont_6,Fremont
725.9959512681119,210.66875286334133,0.001514513249483461,1.2701566212217275,66.61427352472907,3.0,2026-01-01,fremont_7,Fremont
1327.7734391169372,674.4306464884845,0.23763366678164885,1.3448340319044159,83.81701215449948,3.0,2026-01-01,fremont_8,Fremont
994.2656800448126,183.133118756877,0.0019155934782251888,1.2904707008074359,95.54990957127283,3.0,2026-01-01,berlin_1,Giga Berlin
1486.6301819825185,429.5597919502559,0.277735524618895,1.143830679018632,121.09070401861665,3.0,2026-01-01,berlin_2,Giga Berlin
1080.082110173761,147.28211196071874,0.010630516409031062,1.133462395525534,73.57922152093411,3.0,2026-01-01,berlin_3,Giga Berlin
1129.7325669221018,270.3157087642583,0.1044334122820231,1.7206917435946054,119.11219202519872,3.0,2026-01-01,berlin_4,Giga Berlin
