date,berlin_1_brightness_mean,berlin_2_brightness_mean,berlin_3_brightness_mean,berlin_4_brightness_mean,fremont_1_brightness_mean,fremont_2_brightness_mean,fremont_3_brightness_mean,fremont_4_brightness_mean,fremont_5_brightness_mean,fremont_6_brightness_mean,fremont_7_brightness_mean,fremont_8_brightness_mean,giga_tx_east_brightness_mean,giga_tx_north_brightness_mean,giga_tx_west_brightness_mean,giga_tx_west_small_brightness_mean,berlin_1_brightness_std,berlin_2_brightness_std,berlin_3_brightness_std,berlin_4_brightness_std,fremont_1_brightness_std,fremont_2_brightness_std,fremont_3_brightness_std,fremont_4_brightness_std,fremont_5_brightness_std,fremont_6_brightness_std,fremont_7_brightness_std,fremont_8_brightness_std,giga_tx_east_brightness_std,giga_tx_north_brightness_std,giga_tx_west_brightness_std,giga_tx_west_small_brightness_std,berlin_1_bright_pixel_frac,berlin_2_bright_pixel_frac,berlin_3_bright_pixel_frac,berlin_4_bright_pixel_frac,fremont_1_bright_pixel_frac,fremont_2_bright_pixel_frac,fremont_3_bright_pixel_frac,fremont_4_bright_pixel_frac,fremont_5_bright_pixel_frac,fremont_6_bright_pixel_frac,fremont_7_bright_pixel_frac,fremont_8_bright_pixel_frac,giga_tx_east_bright_pixel_frac,giga_tx_north_bright_pixel_frac,giga_tx_west_bright_pixel_frac,giga_tx_west_small_bright_pixel_frac,berlin_1_nir_red_ratio,berlin_2_nir_red_ratio,berlin_3_nir_red_ratio,berlin_4_nir_red_ratio,fremont_1_nir_red_ratio,fremont_2_nir_red_ratio,fremont_3_nir_red_ratio,fremont_4_nir_red_ratio,fremont_5_nir_red_ratio,fremont_6_nir_red_ratio,fremont_7_nir_red_ratio,fremont_8_nir_red_ratio,giga_tx_east_nir_red_ratio,giga_tx_north_nir_red_ratio,giga_tx_west_nir_red_ratio,giga_tx_west_small_nir_red_ratio,berlin_1_color_std,berlin_2_color_std,berlin_3_color_std,berlin_4_color_std,fremont_1_color_std,fremont_2_color_std,fremont_3_color_std,fremont_4_color_std,fremont_5_color_std,fremont_6_color_std,fremont_7_color_std,fremont_8_color_std,giga_tx_east_color_std,giga_tx_north_color_std,giga_tx_west_color_std,giga_tx_west_small_color_std,berlin_1_n_imgs,berlin_2_n_imgs,berlin_3_n_imgs,berlin_4_n_imgs,fremont_1_n_imgs,fremont_2_n_imgs,fremont_3_n_imgs,fremont_4_n_imgs,fremont_5_n_imgs,fremont_6_n_imgs,fremont_7_n_imgs,fremont_8_n_imgs,giga_tx_east_n_imgs,giga_tx_north_n_imgs,giga_tx_west_n_imgs,giga_tx_west_small_n_imgs
2022-01-01,937.3411854422276,2384.7692040607135,1436.624620048438,750.6235173083517,1325.0476841215761,1340.719407870268,1536.9781958304154,969.8237766871677,1459.204413000461,1375.900470999866,1030.4272364980989,1435.450641983827,1469.8364367389504,1672.5977924266222,2721.202057829738,2522.244256305767,370.6069656515979,1703.9221389485124,1031.1391194032756,146.06429743450852,251.70159367699537,285.5049013693444,467.79437052117805,171.7612446111387,325.39944427786287,157.87073203047154,156.5805916483129,242.13993009846146,732.2159185611024,323.61376716737135,378.91128166181056,361.74153340989994,0.04117978665761807,0.5548592969809201,0.2202296776710392,0.0,0.2091222371860889,0.29874284013985003,0.4516483308401659,0.0,0.4159551110026837,0.16100121114251115,0.0,0.5192135219041049,0.4433168973013095,0.6669512944873286,0.9987344785675799,1.0,1.1472146606656088,1.0604955541615542,1.1305694731162437,1.9773883197036948,1.1630574903532662,1.2858553736493377,1.153514289430377,2.030848150221859,1.2036251718303217,1.093892440098214,1.2501171323720401,1.3966407617275345,1.6451817473237478,1.2159622092409075,1.1833192423566419,1.2121656960100982,108.20150047155508,139.34203451921374,167.59711433744752,104.42397543257853,121.73680025711994,116.88571073729261,142.36018432095153,167.92739029497739,139.79828344918602,152.16557834335177,78.71649314404351,75.0978631649216,448.508551330815,207.3780971158479,558.058407183705,518.6618934008326,3.0,3.0,3.0,3.0,3.0,3.0,3.0,3.0,3.0,3.0,3.0,3.0,6.0,6.0,6.0,6.0
2022-02-01,,,,,1477.8337327365384,1403.0612338515703,1413.7330164801526,1712.1157565591936,1428.1785801414987,1228.9070649979817,911.5058407387345,1297.9165880955127,1238.1515372697347,1593.7213322859038,2120.6455763134522,2454.4189910770738,,,,,247.5051838232839,240.43967405606998,415.8632731646627,1125.632815031784,240.61994346637366,157.38329928017347,96.78613078588896,205.40081419905383,554.0489607852955,336.01035514612767,453.3286102948189,433.39480757713415,,,,,0.42053196545987487,0.3002120062486055,0.2687981670485315,0.25731502764490277,0.37533544767016364,0.02236576503835285,0.0,0.11437277222030585,0.2741742219394518,0.5711455700525995,0.9132278314475806,1.0,,,,,1.158399889423393,1.3029497448232121,1.1520936815747957,1.161868580259796,1.1724290960393842,1.1041920834687209,1.2277022074427573,1.3892533614046294,1.5627076828481574,1.2372551844715771,1.2367310527798396,1.238201749197465,,,,,122.2333689391368,127.58926062703237,121.90741757739858,148.92200619693935,132.73566524078498,127.93575515589828,93.1548635355844,76.68877457019417,382.14455321263756,192.79849289881525,520.0848689723234,538.47279757372,,,,,5.0,5.0,5.0,5.0,5.0,5.0,5.0,5.0,6.0,6.0,6.0,6.0
2022-03-01,1351.513547350744,2868.7309612777385,1904.8332215828727,920.7495483686242,1485.100606696772,1384.1829421756065,1453.7871324155951,1430.5968399908882,1400.291683608469,1304.2636118961116,948.3405013607221,1417.21991299682,1410.8109149391146,1819.7975499237211,1202.1924152246836,2450.399119417315,419.96809214837253,1386.5236018991195,724.2654972127398,162.15360978272227,249.61900394386308,212.30810678867581,467.1017320765565,497.6460630749109,204.28166545991115,189.0066750965704,97.01227139030578,211.33538338217835,624.0922894245132,309.17960380732677,386.6584184087915,386.76642269055014,0.3456524237730649,0.9873516087430971,0.8464914419466522,0.0024517894858292976,0.43702962845599314,0.28096407051997346,0.33841434549620353,0.21879853388830217,0.32568919248597233,0.06419055308841341,0.0,0.42031735081062443,0.40754643620875525,0.9283762552086893,0.16864514027240057,1.0,1.160220056989927,1.103574237507942,1.1641808721281817,1.848781331156734,1.206110416861246,1.3538619669094836,1.174940169829346,1.1949136757518708,1.1905420325261542,1.1173819136895706,1.218028841519474,1.3402923852435602,1.6869050654001654,1.2044156285243264,1.1759911487731938,1.2531992208905496,159.51575091475627,219.7180659175168,246.14649971878205,164.42895012151055,115.78095415557426,125.40127352851785,116.5794099991561,139.4614158637573,130.0995424663384,123.70603861869294,92.67833751756145,75.18578105162406,421.8188963067333,265.4782346623815,176.2374741980084,667.9439326134908,6.0,6.0,6.0,6.0,2.0,2.0,2.0,2.0,2.0,2.0,2.0,2.0,7.0,7.0,7.0,7.0
2022-04-01,1258.534482963083,2028.181547126968,2185.2499207587643,1935.7787422907497,1533.1285121075293,1411.2050571549012,1462.3641476207606,1705.9013894928657,1442.5117101732128,1434.883703404656,1049.5080941204792,1581.342934345177,1478.5947769942711,1774.5184666530054,1144.640480396948,3769.2204969671425,352.54061504805344,985.2025997361199,901.0066687002505,1920.2623620369566,275.74517751589366,231.22338872074664,488.78617301160057,317.9904810539787,243.53423676336612,268.410245831945,127.7728753000911,194.68997374135324,664.8705186788612,187.5505258753841,223.14512076228186,253.58432051842362,0.2017776707477944,0.529413709864092,0.9638538060174575,0.2243884147338126,0.5209934247009427,0.3040429963549805,0.29619776182992175,0.6444679132757655,0.40314710905098805,0.188292289059346,0.003380072616396863,0.7411291249856273,0.4547903080430518,0.9447708176788033,0.06914007192171318,1.0,1.160446825135862,1.053772469700731,1.129474130711664,1.8459039048827928,1.2224894337336267,1.4153885102987214,1.2209966690224259,1.1911901132066904,1.197497505533563,1.1036800799467614,1.2197793371156012,1.2197664238557318,1.948258774950108,1.2244776677268778,1.1999745253410279,1.1512745717259791,119.81192814410483,80.37075109691136,218.88981165688213,220.06294534759274,156.35342156467505,164.39449422366027,149.58162204560216,153.18842415203264,176.42723094481752,127.59217480214588,117.24692249035714,98.56082154267455,428.5449504873576,242.47052392086567,126.3390870088202,499.2711437875312,2.0,2.0,2.0,2.0,3.0,3.0,3.0,3.0,3.0,3.0,3.0,3.0,4.0,4.0,4.0,4.0
2022-05-01,,,,,1684.5681923208956,1620.0578429913962,1615.0403640655659,1728.1504214035733,1691.2932964679742,3226.9093796258926,1179.9897126771111,1717.4133532635776,1503.1360149397053,1865.6468451852345,1456.2057019467316,3588.277898779831,,,,,249.04038811195161,220.77375706194874,530.3694582871104,293.5006998717881,208.7990056446767,1076.3851235688705,149.99070797668804,147.5838082911635,726.4210469834202,247.8240065383823,351.6703734325523,229.04439942912836,,,,,0.7798166046106315,0.6754072751617946,0.5817064626687622,0.806858420823756,0.794949987801903,0.9164311667339524,0.008043971033680368,0.9191445325974474,0.46688581376031657,0.9144067217706128,0.4432156774298646,1.0,,,,,1.1851408471516351,1.2983303493782643,1.1953045102696551,1.1664255111029274,1.1469062631896205,1.017826674155443,1.1529815729474315,1.1164753221572823,2.4426150906970916,1.2111811757787467,1.1726635466644877,1.162161268796249,,,,,139.315997373122,155.35390678901746,126.77728313398563,166.9249099156881,141.64691502041103,134.29532590341935,105.63997614576337,99.88523888383209,423.0290829724551,190.87009926982614,155.5284710929859,487.51041359032655,,,,,3.0,3.0,3.0,3.0,3.0,3.0,3.0,3.0,7.0,7.0,7.0,7.0
2022-06-01,1512.031329075257,3463.7591680169335,2319.7492726061005,979.6831337181387,1648.4574189970679,1607.1120471620932,1516.3266869907136,1532.7315441800747,1639.82272098886,3129.0444354730184,1213.5179468148426,1728.014955348588,1693.5239748098677,2007.627604344559,1541.2096605645945,4094.6343474086066,328.32934307039557,1824.641999836509,750.2630970779065,184.19499585687717,267.375169246261,229.51774896403592,553.206679240237,250.12850666168785,166.14302259403468,1024.335755554929,187.47767609599686,181.85929763512868,801.4390736477873,226.8493891392328,331.98011114686335,316.08942947287807,0.5637372681447791,1.0,0.9844565270395474,0.010505837822939134,0.7094787293036521,0.6344565945101541,0.44860919126697096,0.5246319189911163,0.7570139058306906,0.900928542591845,0.07160337806663859,0.8925606530987698,0.5108848947563754,0.9545050891454334,0.4946184014334227,1.0,1.1895006772435497,1.0754094166849082,1.1193436680027116,1.9690700198504445,1.1656095226883347,1.2721464741832649,1.1875946480557067,1.1757102494090654,1.1436621514434517,1.03061564995322,1.1418542687228035,1.104072303124439,2.069628932587775,1.1451601460515595,1.1240812241034643,1.0901644103101165,216.4815029338167,249.54455991045495,252.12373033193688,149.1490633630151,145.04337764685928,173.41786790696096,131.7186861928212,182.46593338592308,158.13835193725566,138.5407332363706,114.35096155285186,108.61895907812928,476.2404603047551,192.10768184782884,183.56582479267647,545.4984964058775,3.0,3.0,3.0,3.0,3.0,3.0,3.0,3.0,3.0,3.0,3.0,3.0,7.0,7.0,7.0,7.0
2022-07-01,1172.1779951216306,3390.4216736659973,2173.824990653595,975.2798554779577,,,,,,,,,1822.08697606466,2009.2315390395527,1628.2556846136827,4006.722616454719,338.0088332063853,1921.0420659389974,763.3914751917295,244.64051103893502,,,,,,,,,780.7494000976358,178.91705162187637,319.0018716579141,276.05798008609094,0.16935214628566547,1.0,0.9736065733651923,0.06165369194627218,,,,,,,,,0.5421380980153048,0.9956622720131156,0.5999047726446898,1.0,1.1782296983984195,1.082597566135496,1.0953578973842728,1.848543661725871,,,,,,,,,1.7363606748597986,1.1007187604753375,1.09356233227908,1.0760515925066856,152.20737797562037,318.6708677081124,246.21130270345742,155.6455493175122,,,,,,,,,495.42963534023943,193.9544052839016,185.81858080592156,497.6100438749936,2.0,2.0,2.0,2.0,,,,,,,,,6.0,6.0,6.0,6.0
2022-08-01,1347.435814847863,2543.2023742601095,2143.1579867037262,1012.2780104930174,1549.163517652961,1528.7574636117927,1412.4863349175982,1109.2419498457273,1580.2723021875252,2548.3820750908358,1022.0831878999418,1526.6957801540761,1755.3183512126695,1754.847576109479,1376.0607107803246,3995.862947610014,550.5875833850743,941.3497961873833,547.2610996730198,196.1563050018966,290.13485784004547,270.02209700357764,520.433105357019,159.0943398896559,200.52976622996448,785.9390630564661,138.1741890988858,177.45518607667768,768.306750764194,147.88905656907212,303.2208331781205,284.53256068373304,0.3054331704166712,0.9864587811249629,0.9689130540790949,0.017989404423476924,0.4956032638833876,0.49609462173621993,0.32405180738861233,0.003044045474311984,0.6538586647149712,0.8345579329834478,0.0,0.5707715304127859,0.5009349097785553,0.9307329735637682,0.3484243631670619,1.0,1.2398004502130013,1.1147537371922593,1.1114032338085795,1.7413088823174387,1.1317991054709375,1.2164242639457905,1.1630491880789537,1.120488233496037,1.1199696948717583,1.0366263070833337,1.1442167858716732,1.1061470693445428,1.672045539052984,1.125407676172245,1.1473956116518134,1.068746378352349,141.69990180367907,238.8765514347222,227.10866450682647,167.5636976659679,150.0619001823235,180.9503604347914,139.96291439349915,146.16478757694972,158.94643489641484,143.59360111828647,111.90933720735258,114.99290017763617,499.5050802356842,182.7722104056626,149.77270649253748,472.56647949839385,3.0,3.0,3.0,3.0,1.0,1.0,1.0,1.0,1.0,1.0,1.0,1.0,3.0,3.0,3.0,3.0
2022-09-01,3414.837052321269,4307.509223129747,2438.2938935485467,1935.1434115235156,1484.0425562465327,1433.9915135510437,1413.4631784413587,1042.1847031537964,1526.4734488086538,2108.809796797202,994.0768306219195,1428.233482810165,1477.1875781300641,1529.1400255026538,1372.913142628027,1166.435086301788,267.97026889531537,624.9826876771174,1043.9794126662039,2185.4366429225024,284.7189818197043,259.99586259479383,430.61952815500496,129.67228720608108,126.45023113600664,603.1868190330351,86.40894355121958,126.94960960170117,758.5437586926174,163.15786829411888,204.3797358561362,331.0933933347704,1.0,1.0,0.8258399570878235,0.23532692128954513,0.433890517309673,0.384270624116641,0.2908484974721175,0.0,0.6103521184028626,0.7627775534921276,0.0,0.3173508106243532,0.4540763126734178,0.6644921101168114,0.24825520931223338,0.13921871706597352,1.1393404838420127,1.1752670550929878,1.0452981813544893,1.6532253038923295,1.1333979805292722,1.261927095597481,1.1344874908497558,1.1160671570283731,1.1133568467627182,1.0290746017295938,1.117648935651267,1.0944325781251019,2.0025866224936886,1.1623724478823314,1.1243679676800458,1.142983310660411,83.59609813718538,111.37235870802772,203.9970954149979,261.26400946525985,113.36934370083064,135.15363671410412,105.10582484483558,116.75933702194038,128.3772233893367,136.41107146438262,79.69259114425309,91.46489697702957,415.55909463442674,147.66895509887019,134.7706426971968,150.9653030632791,2.0,2.0,2.0,2.0,2.0,2.0,2.0,2.0,2.0,2.0,2.0,2.0,5.0,5.0,5.0,5.0
2022-10-01,963.3151803485697,1999.9788036109903,2027.5566859283806,700.9818134909306,1463.8057580078705,1395.748797391455,1421.5702915427967,1037.0041001428835,1408.4329240194086,1867.9058000269142,923.595019825747,1345.0980491357172,1348.4572191883308,1547.6412721725085,1346.9683757470987,1353.2016704138273,141.0980554404499,991.773449278953,1274.2569924607762,200.56109567958904,352.4907534135932,338.6609954115114,483.63140789865525,127.79815842879216,232.71368280199084,648.9189697010088,108.46364020109836,178.8971921224685,690.8190521651969,172.42287019632505,188.79610359041945,258.9904454591772,0.004186940030977912,0.5694917496114549,0.5253206222265567,0.0024517894858292976,0.42904816604610607,0.32866547645614835,0.28443884796727953,0.005528980555382991,0.28445962429860955,0.5533306419055308,0.0,0.22123720823272391,0.4311719067564463,0.6306441696837217,0.2218596900098989,0.25131736106232005,1.193689557704148,1.0789797614970338,1.065973858665352,2.1481849296816486,1.204786719699369,1.3375537406430273,1.1995526230591056,1.1458199886982074,1.143048552109254,1.0598504463216438,1.1920612072667927,1.1118998823099493,1.8601143523654975,1.169421652995667,1.136907751357555,1.1316463620961146,132.7777086299403,203.40325501096248,183.07545369252455,113.03033997315525,119.42045316342848,130.92289414822054,122.64653884686986,120.74968340651031,135.35026234311871,142.6735319722869,92.85660178552877,95.60807183069895,408.13839864992366,156.43947115595012,143.52111741591952,163.62701510613883,2.0,2.0,2.0,2.0,1.0,1.0,1.0,1.0,1.0,1.0,1.0,1.0,6.0,6.0,6.0,6.0
2022-11-01,,,,,1389.0286976154634,1311.8024808450505,1353.2621802276046,962.9705535192892,1322.4094901195422,2132.2105234827072,893.0294343811224,1328.0232340653877,927.3048878049352,1469.7947719561896,1424.2032820024488,1600.9787641396751,,,,,275.9613063457996,274.9169238910312,454.0632777634221,83.66481602536925,151.8932343509278,771.709655566049,122.0565369251959,189.4215972640821,503.8406542693618,198.21426097553484,194.56600708222825,383.4618379969988,,,,,0.30275093084052923,0.2433050658335195,0.17372327734752224,0.0,0.1631292185085794,0.6383528461849012,0.0,0.12343336782798667,0.06368343848859198,0.40470660564246197,0.34166823290606396,0.5341635635494978,,,,,1.183813559377286,1.3829300507031317,1.210616018246037,1.1774862659157328,1.1745225354179465,1.0657645629675787,1.2126349373927852,1.1521270129500067,1.995355435476363,1.2552591776908788,1.1641609147379637,1.1843030186533923,,,,,128.99128364700533,131.60929949128086,125.83051132491244,117.54010409872892,136.6365750758219,144.37622777356347,96.87559977450812,79.19348161492822,296.7955932559169,184.13769164527764,172.36275524319092,263.85218624409566,,,,,5.0,5.0,5.0,5.0,5.0,5.0,5.0,5.0,3.0,3.0,3.0,3.0
2022-12-01,1077.779547117221,1110.6855979189406,1304.149566814584,294.45855086955714,1446.7792455570514,1316.2915581839375,1417.9222131752867,1000.6911846928001,1320.0853189124723,2524.2050867985463,1069.280826864055,1383.3767697673525,1101.0468462258993,1498.3575779310981,1469.6722525028526,1784.5386952856052,109.00582229321115,186.9263690167171,215.8687083865278,54.16467673470357,323.8877127407101,264.0454164966178,472.914262335833,140.32516207053257,317.75744286148336,781.4003401294684,144.98703007769194,201.09824562885996,535.7262863832586,183.89711010678178,197.04572731728666,417.9623819380434,0.003012954885037047,0.04612942693693994,0.07034183449553809,0.0,0.3882199160263011,0.23437848694487853,0.2694041014182651,0.0,0.2781979344555584,0.8373839321760195,0.0,0.2953202253650684,0.2600993231182511,0.5216544845959424,0.42245611397210936,0.666971123445514,1.156905362876554,1.1075986945062533,1.0930583177216133,1.5093609116183728,1.1588148085588814,1.2968628228485124,1.1556149090027594,1.1556998678625363,1.195770971871793,1.0583720272682935,1.2434844321474416,1.2058430782573721,1.968692507066041,1.2089153471462895,1.159939117582449,1.176185211730061,53.16502170786591,99.05023300474215,50.982072502242836,49.95651254782321,132.8451909165035,131.293387817797,125.91482280543535,105.34175342144357,124.52227478693135,153.14429912023274,96.13656193535986,63.22111086381911,331.37376230498813,170.16205652629586,170.9100735087974,279.23257792426136,1.0,1.0,1.0,1.0,1.0,1.0,1.0,1.0,1.0,1.0,1.0,1.0,4.0,4.0,4.0,4.0
2023-01-01,917.6448913858561,1045.3763902207822,1266.2671120430432,716.7736405388159,1539.9217235733704,1443.9997954325675,1500.3742970214537,959.9760824998447,1398.2519855791388,1301.2125689678378,929.1463996041533,1315.7605687785056,1125.3222322370093,1415.1769360384365,1427.4919503648312,1757.9283355582095,231.92031749441352,453.2302378758503,573.8806445972732,181.7002931591252,310.73176316391675,376.34148721773556,511.9003807323274,110.31755962351747,300.47249340863493,154.81993858451318,151.64323876472326,229.4131244945095,592.0969301766582,180.2123361050453,183.96064925705684,383.18824116276403,0.03209987357083066,0.1155385073244933,0.22198517579363153,0.00710858703211684,0.523142279965143,0.3738934761585957,0.38538372687508293,0.0,0.27726274701146636,0.12894630601534118,0.0015646626948305955,0.20418535127055307,0.26693176395737234,0.23587676753876635,0.326522071445577,0.6676912808262488,1.1791496875394498,1.10801242243249,1.1043408608381287,1.9800922526125033,1.1535557217319587,1.3068685044315722,1.1630186927231456,1.1573547417333019,1.1572207989087875,1.1071703025879158,1.266353527827861,1.3311446069254487,1.9825504912795677,1.1829879291399044,1.1326504948271618,1.147659638101848,105.0789623892655,121.38016611850686,131.42123808529146,112.0432668064698,148.79413855259187,136.66484670722843,130.9753829645537,111.09127659704562,141.61422311064558,144.4625163678087,97.76096083333374,67.88871871297928,349.24448687678716,159.16033875544395,158.68596504731704,247.51918603235632,2.0,2.0,2.0,2.0,1.0,1.0,1.0,1.0,1.0,1.0,1.0,1.0,3.0,3.0,3.0,3.0
2023-02-01,,,,,1460.9497214080118,1456.4699905775003,1501.7415121849617,929.6820732641692,1264.9742349082442,1287.173650921814,970.6465132762296,1295.40682610862,928.6698230917406,1501.2603775303403,1518.479434650231,1709.3525082554618,,,,,296.98796483898286,289.3051354729128,491.3137050533775,117.14343321732557,308.3317457212312,199.58467705534318,149.563207395602,216.51052604385782,361.54951355267315,148.30449988203804,191.89986834263382,427.9188899360823,,,,,0.4237502970767646,0.39334597932009235,0.41716687811251446,0.0,0.23107261933805004,0.11489705288655633,0.0025576217127038577,0.1436702311141773,0.058611243659756465,0.45457339982239237,0.5501559974438984,0.5958511908944004,,,,,1.212640437141287,1.3058324864286792,1.2105854524550055,1.1614690860950079,1.1997048993609496,1.1178374592370683,1.3297757854580605,1.283790457519201,2.0730688173840766,1.1680720384019,1.1427816657170216,1.1524671755764986,,,,,141.36554108328727,149.52391739801243,140.2776954447862,117.98060947864325,139.80963997231498,155.93635201602348,114.19238614921403,84.74599828567102,271.1743738633786,170.71651035341603,184.17931223668077,248.20128022130868,,,,,1.0,1.0,1.0,1.0,1.0,1.0,1.0,1.0,1.0,1.0,1.0,1.0
2023-03-01,,,,,2403.879045195279,2154.125545513154,2025.7843299691363,1319.786771862252,2171.7370158033136,1970.056869869466,1413.1684954497725,1897.499110804491,1325.6012807144673,1660.7898308172225,1674.5011715470705,1885.6063139651985,,,,,388.7060861222087,177.6480184870283,331.9129099471415,174.24931965537465,320.9544982707014,145.71544045732597,236.89975592880964,319.05139860033347,684.2407291359323,158.51144063272386,167.65052346483716,266.29327303047756,,,,,0.9938703160896776,1.0,0.9920849822953552,0.16263900105609738,1.0,1.0,0.33733525907203465,0.9381395883638038,0.4215683155718149,0.8951089555297496,0.8875189514966982,0.9717909084521885,,,,,1.1693237188607368,1.2483402349774049,1.1600081025151494,1.1745357699443044,1.1845984969786794,1.1320451245263872,1.1904862944872132,1.266359466119281,2.5599779483397627,1.1867889488335304,1.1631102536825868,1.139121275329699,,,,,77.95035420976102,85.7178190043163,87.56375132408344,53.13240741586306,95.59177775620597,74.8102606083396,72.78853727275342,44.79761390918597,347.94383413060723,166.02228155285965,188.14361889124473,206.4686003818178,,,,,2.0,2.0,2.0,2.0,2.0,2.0,2.0,2.0,3.0,3.0,3.0,3.0
2023-04-01,1133.9988871314156,1324.643447637314,1680.3015921392696,1172.890742064268,1527.3518049063873,1472.0652818071371,1563.570338881422,1145.473007392682,1572.4494863245784,1453.3385547032703,1106.5220456961756,1550.672247135027,1362.3979787804342,1766.6396327162597,1759.6998943310512,1922.90215227523,156.23466720361014,421.31269451432894,396.7034017395414,823.8679333175185,268.19713191622753,219.58634635240702,511.75778781188114,97.92999971630006,153.6253516874947,184.91593971830648,108.23942292836024,172.12086858535875,746.1406077342357,166.50419198105055,179.39944315553154,266.0094294377877,0.03407840797762612,0.15011077676002788,0.5868849661091334,0.1576324366941545,0.5099619741741267,0.43786729152718923,0.49658215144572154,0.006460831210784618,0.5629421810197611,0.18724263221639081,0.0,0.7455789352650339,0.42637894774048735,0.9563836327618007,0.9316843964966356,0.9941860465116279,1.2261358617904206,1.13100506125022,1.1497228775216597,2.2266966122366094,1.2208030207992102,1.45551978433709,1.1712251816258876,1.133442420998378,1.168006613275966,1.0940597523078923,1.187086471252374,1.2513782779096871,2.944857648704881,1.203808763325717,1.1730668810897762,1.1552713090323417,104.31767396923001,86.78242526050252,177.9963402900722,111.63087164071432,137.59106389268138,139.26508372744823,122.57832569049589,118.05700265171193,146.06924096211029,137.59872829312505,108.64844578427041,77.48862844311691,353.71647904797254,173.513064910724,203.88672171551536,212.53017950167498,1.0,1.0,1.0,1.0,5.0,5.0,5.0,5.0,5.0,5.0,5.0,5.0,2.0,2.0,2.0,2.0
2023-05-01,1156.2604564038368,1194.4202682891876,2027.8866708115922,886.2053728910065,,,,,,,,,2006.3051693971684,1791.6808980577014,2267.8583468029933,2803.5965830581536,226.85558050430953,303.2656301821047,492.9545047273341,160.73055370262765,,,,,,,,,869.9300874038719,428.21842714239045,382.87772237409484,393.89127525405036,0.08205581492083186,0.08526503753182771,0.8944872482566929,0.00898989478137409,,,,,,,,,0.7496456532880899,0.6997745747660362,0.9720958789109,1.0,1.3058436586490647,1.2269991163967218,1.1715844952611847,2.3135874713421867,,,,,,,,,1.4963818915680533,1.1299354212025234,1.1105363020786356,1.2142605796182802,125.72097327278864,116.44502163127318,226.4003636223696,117.94514965757143,,,,,,,,,445.1267632882657,113.45170545152608,172.80891151080098,230.02343909659498,4.0,4.0,4.0,4.0,,,,,,,,,1.0,1.0,1.0,1.0
2023-06-01,1247.6566631638761,1123.2117213936936,1929.4731006485595,1067.6736662852777,1507.6199496950019,1455.1271293610062,1460.185908238815,1244.655691536725,1593.2121249085155,1519.2461579868116,1316.0426938944731,1624.9780997278763,1775.8846650053895,1906.5759273174397,1867.8544796535073,1907.722792102859,279.6299876788921,295.9206730081751,427.38698248031335,190.03623702598097,340.1603949425644,307.5747695093198,558.2062551466261,143.42993889906538,152.46996492907166,240.1366464312141,264.6245630137278,166.25287263768368,533.4688688216509,197.1208176100394,216.7246783086633,222.11703126709415,0.1331912145409974,0.08791045269667014,0.8822719071536549,0.0287484335789396,0.4512298978055931,0.38049542512831985,0.3068868228210031,0.085109026526682,0.7135480198422381,0.36350423899878886,0.25322460933582075,0.7990226514890192,0.7151193821465811,0.9522508368057927,0.9520530266010098,1.0,1.2807907447223486,1.2063688396249,1.146963592293474,1.8632435401009904,1.2200227696643555,1.506101810168918,1.1692546439556455,1.0740866220727738,1.1265742886233032,1.0383683590177246,1.0940981888197283,1.0899045203520217,1.3091404937168403,1.145029213897602,1.0999102901923135,1.0981680416602961,118.75645629569044,83.49695888888826,204.65339284457,150.76046249578602,155.79278059170724,155.71426707379663,149.49088812093473,139.10117979638238,188.24666397061566,142.58750740714473,109.85988160542425,103.15791588672909,539.8198918279824,181.40730315516944,195.76673975056403,223.66043967089243,2.0,2.0,2.0,2.0,1.0,1.0,1.0,1.0,1.0,1.0,1.0,1.0,4.0,4.0,4.0,4.0
2023-07-01,1190.0471774186276,997.0765792577407,2119.4950260886503,1008.6040151658427,,,,,,,,,2794.1627367466094,1936.518147869846,1979.3896619846605,2010.466498044451,266.5000319503663,286.58260812514413,535.5218044110138,221.58620253255035,,,,,,,,,688.6012429436527,170.0743369393335,195.9146176080444,228.60026284000185,0.1297020978485158,0.06142323335868527,0.9066294436046227,0.0325847630097078,,,,,,,,,1.0,0.9675182731060865,0.9674096906363943,1.0,1.2336888966005863,1.26434488163419,1.10451946279939,1.954671195496657,,,,,,,,,1.1846689020747292,1.1418345229358722,1.0871242754513781,1.0842339016369151,118.3633540210957,72.26216884442375,210.9493711006157,146.5297849512631,,,,,,,,,787.1578092554056,169.61801328377504,207.7073568098383,229.95237546606853,1.0,1.0,1.0,1.0,,,,,,,,,10.0,10.0,10.0,10.0
2023-08-01,1106.3597776452134,1149.1740958742548,1967.221960793875,1252.9741007701498,1419.6055513744757,1318.737217634954,1315.3269205279196,1047.2357789236094,1507.7248786967007,1246.6937424303594,1027.7012162912142,1487.2870683377414,2859.1035847044714,1792.3056105836001,1898.352210903532,1973.1868076535752,250.64748186884873,373.8266496888592,521.9567658298545,651.2180056072203,323.9064204602652,278.853387541844,472.63227768129474,156.10576867809584,172.71270127909455,189.23002193944401,88.93364278472725,150.07800655260996,769.3081079260751,152.06445127599656,186.19041795801476,211.7718328977463,0.12235169201635458,0.10996660163354394,0.8913785536646024,0.2917533339529576,0.3879327418204865,0.301792754593469,0.16367802162428277,0.0,0.47153777344067666,0.041501816713766654,0.0,0.495400712889502,1.0,0.9478789534804289,0.9661316392888019,0.9876695004566852,1.207712121998297,1.2221844087167182,1.0630195384047412,2.2280740887220887,1.2083797815523907,1.4326669188629462,1.1585870943060357,1.0807243629530805,1.1070208690822498,1.0517238356189764,1.1106311094851264,1.0847443677727033,1.186412476653557,1.1395993894208198,1.0856909481793853,1.0898935499265712,101.19236203071718,63.079277344703776,176.62250074587757,128.02209011595588,116.19117188159838,127.71985794496489,114.54154247374495,101.50013280551222,145.35479373241432,137.77802778664918,96.05414858315719,103.13294237963332,832.2740045026062,173.70754267818225,225.92174283402815,276.1637646461305,3.0,3.0,3.0,3.0,1.0,1.0,1.0,1.0,1.0,1.0,1.0,1.0,9.0,9.0,9.0,9.0
2023-09-01,953.0239722841071,1044.9069364990137,1740.743242144958,974.6959994701135,1470.328104782276,1404.3318269731462,1393.0337019434069,1070.2521380795597,1521.4228809194665,1264.0434934732875,1065.2460799850217,1470.2525046951064,2770.251692204376,1619.922051825034,1873.795439110879,2151.4077613058853,94.91433860114714,472.81566270630714,466.86397411035625,221.04905351281573,296.31791683316237,251.8941649860739,410.71721817444717,147.14548520761323,142.1242043928264,159.8779721737637,81.82824173952952,154.83831373313444,739.2848944004264,146.58523360754768,166.00877349551683,204.11973950850094,0.002093470015488956,0.07603915214443971,0.7302018822840981,0.02508837659486502,0.44014893448467085,0.3315480175556054,0.2702845997992842,0.0009318506554016276,0.4747092786858585,0.05329027048849415,0.0,0.417155340922157,0.9864800381740096,0.8470182389507481,0.9750779987219487,0.9876695004566852,1.26809232088881,1.2458122977674622,1.1234819934351585,2.114331954543579,1.1898889361723255,1.3549265553832306,1.159012973355299,1.1117484584839326,1.1336004779345523,1.0650372548772542,1.1281466271273664,1.1164605264979446,1.174058404534713,1.134116796175858,1.076268544838234,1.094588974625058,92.07043520363739,58.86884118675486,174.80194449622093,117.64216488429135,105.80890546692545,119.1665755827533,100.33542854625694,79.9003043424689,130.93064453526353,104.47154958343869,75.9133382467494,96.30419385850158,784.0766970414267,148.67818763528805,209.34502566011855,326.78612302024254,3.0,3.0,3.0,3.0,1.0,1.0,1.0,1.0,1.0,1.0,1.0,1.0,6.0,6.0,6.0,6.0
2023-10-01,986.1992125998682,1200.1206061307498,1581.865320378407,907.1632843723256,1400.7125947344803,1300.3904324431558,1219.8529094317475,1013.5131390942412,1308.1711257488282,1070.125662764096,801.8780332056193,1329.5962247518314,3033.017297303665,1479.5344513514124,1445.6554131321889,2088.4060399540986,76.59867378929756,733.8090307720003,719.0869822595615,263.22437068050857,278.0903071460059,282.3055249403758,456.2095132570188,103.74941632409082,162.63530560854372,145.35032354036545,122.65284238447585,146.04865896789772,459.13025456693975,172.7027030733322,330.37250234934965,309.13149266921414,0.0,0.13572633180119711,0.3438094309260253,0.038542771707951805,0.36197813515012284,0.2946328944432049,0.1031603264471417,0.0,0.20704236805724985,0.02236576503835285,0.0,0.07768195929630908,0.9981973384232014,0.393811052667532,0.5377012617624587,0.9791856952153447,1.32936187710526,1.2630132933743015,1.1615932830986742,2.4284876512419347,1.1826007940598398,1.3244821017448263,1.1971327241287695,1.1285449203065083,1.1539915844946298,1.1000275946037246,1.1709669518391654,1.1224990977296596,1.1862682444909105,1.218001360935823,1.1088357498683394,1.1440908358242787,77.04202190415266,56.31108681147654,120.41104807914607,123.03797972269453,116.33672662398855,137.711437847013,121.66116319979716,112.32125885660004,141.65833633265666,129.57045108281127,99.07890310590112,108.79873138796714,843.1089828451284,145.53301335657451,141.4200596669854,298.0656446743839,2.0,2.0,2.0,2.0,3.0,3.0,3.0,3.0,3.0,3.0,3.0,3.0,3.0,3.0,3.0,3.0
2023-11-01,,,,,1372.455659642451,1295.0614694140702,1294.1197351561868,1011.4563583276386,1201.2272234420316,1177.3059076840268,860.0908340187088,1377.00822505845,2593.134771927964,1454.1523328096182,1431.7141408445987,2008.0778238366227,,,,,267.43175247661867,279.22273996635204,468.1444680032067,113.61488141384181,275.19992389935857,134.81237658317158,139.9433301404865,274.62913233163727,400.2976466562058,207.33454402086474,303.60096969596987,340.3401804693834,,,,,0.2821239008159709,0.22163951498921386,0.16343186078657848,0.0,0.18394730422054167,0.04448930157448527,0.0,0.34509601011843166,0.9902161426576884,0.3520049183687411,0.49892869225275416,0.9657486123796811,,,,,1.1480694890778436,1.2836928596774875,1.1943265477388798,1.144804542429761,1.1822475153488956,1.0846903787865556,1.2222365210474455,1.1125761000733745,1.2225078063065604,1.2156593568605387,1.0949339064252048,1.134311851046487,,,,,120.90795960818697,132.18549663730445,122.60485020962619,105.93872957780584,122.07437710365635,126.93035734014482,88.02881420354277,87.74926530853158,745.464143940866,149.31886265877534,145.66203287157913,290.4623638823393,,,,,3.0,3.0,3.0,3.0,3.0,3.0,3.0,3.0,3.0,3.0,3.0,3.0
2023-12-01,,,,,,,,,,,,,1911.0411619508757,1605.9426531866936,1699.9836873034365,2124.921810229748,,,,,,,,,,,,,725.273857866829,241.78790409253733,319.36056400342255,258.3597065118571,,,,,,,,,,,,,0.7359489599349628,0.6554751007582487,0.7006152188349676,0.9791681304011804,,,,,,,,,,,,,1.245658425847463,1.2402381263484272,1.1258086708705073,1.144408211243261,,,,,,,,,,,,,549.7023745739397,167.00796730206525,183.04240384361293,289.20048149266427,,,,,,,,,,,,,6.0,6.0,6.0,6.0
2024-01-01,983.0687821204027,1403.4894762077977,1266.762487605858,1872.9408071782432,1412.5335894795214,1350.6995276352006,1315.2655160225463,933.7921558882607,1041.6180640264572,1371.1807293769343,913.9908728009476,1062.7908397531712,1419.7946809701384,1569.211757406016,1557.6769144666234,2330.986820534439,167.26578739845178,772.2086792806754,300.565078607603,676.3864746414853,302.62950324655327,332.94766069395723,512.083270279447,125.3140706250737,317.8222007378838,168.47769571503065,159.94290758643234,263.5572008898686,604.4701231449826,230.3091799762734,305.13211353203087,256.4663192450742,0.006075167888085602,0.18061572037961718,0.12791973472472817,0.6400132044087339,0.35751208112176186,0.2503905378263782,0.2178428736437484,0.0,0.09795071968772875,0.18619297537343563,0.0,0.024134759112337586,0.45310428927416363,0.5638021722795274,0.6349734992294109,0.9791856952153447,1.2357684348030997,1.1496092347716305,1.1691693878071876,1.287482328086599,1.1206082095837437,1.2062393185488998,1.1278224572351612,1.1397776891701699,1.1190336258134912,1.0915758030138099,1.2083974165929598,1.1717522473795243,1.2242926574612907,1.194290285945278,1.1145137718368228,1.1433048533372376,111.30786254398544,128.88648910390222,161.86954649977017,116.88794878475373,151.94053537325203,170.8836627608664,146.0427854084104,124.42631165230118,124.88155427104607,192.16910354935678,120.75270918454007,89.93389514844405,321.105957069463,161.4429383201232,144.54695179043958,318.2695687072384,2.0,2.0,2.0,2.0,1.0,1.0,1.0,1.0,1.0,1.0,1.0,1.0,4.0,4.0,4.0,4.0
2024-02-01,,,,,1510.0363126831974,1401.2983461033,1470.9131746542705,1081.6198463481808,1354.7351522051458,1318.3488359574762,921.7335827432414,1183.0286995515694,1608.3919074633723,1608.9290650545352,1496.6564865282521,2129.385644277385,,,,,330.7044063677403,298.39650708777754,492.47482443394597,133.2913985068731,247.09339261403719,205.79606093390805,144.98915076565132,267.32464937384333,696.2645791517626,180.73660188035913,345.99866321627627,281.71044296547944,,,,,0.4581715915392539,0.36418582161719876,0.38497661472041805,0.0018015779337764801,0.28527283077173304,0.12620104965684295,0.0,0.15681269403242495,0.4732764257815954,0.712002185941663,0.5246375722036369,0.9791856952153447,,,,,1.207269809029009,1.4200230428911038,1.166439590170986,1.1027038704725047,1.1084960254136664,1.081015849871465,1.1998313743695945,1.3076194068218534,1.1826126482618855,1.167537146698564,1.1009996306373535,1.1304239298604073,,,,,120.78396834222727,114.08762234558117,116.07543511945609,110.26260564281996,104.44644359224974,139.85358131044862,96.79538477675959,67.63337937645122,337.3092611898148,158.52635031797578,143.25751135351817,266.78172126461146,,,,,1.0,1.0,1.0,1.0,1.0,1.0,1.0,1.0,4.0,4.0,4.0,4.0
2024-03-01,1174.8264271627586,1336.5378459707022,1691.447062791565,1002.9849068052894,1523.7617823945714,1435.1358203773966,1490.857482342693,1117.1342900333395,1383.7345287468493,1417.8831382048177,1013.1206929984688,1238.4617875895904,1782.697885112727,1693.0893332877936,1486.766834567531,2057.4970198365304,126.08290424743215,382.581353821923,234.93807524711366,191.53735869521574,286.99062822866557,241.44590262359742,468.02298155541325,122.11670779226671,194.13554728758064,194.7994782117124,125.78289687814943,258.8175499585593,703.1509320837837,209.6082271570787,271.89265106452734,296.18384651860606,0.009761317052613211,0.09697099963625548,0.7510484224898814,0.014710736914975785,0.5012972352055772,0.3864464777207471,0.41262237033951255,0.010871590979685656,0.28336179555989277,0.10819539765845783,0.0,0.19090490973899046,0.5272360956471026,0.8821982375845348,0.46967384630806114,0.9763753249490621,1.2443312116796899,1.187527731654386,1.155064660857117,1.7879954044375501,1.2221468859321882,1.427519248561146,1.155549227511495,1.1248147312034336,1.1525422583439997,1.088422937427784,1.1905630710794253,1.2769928272274143,1.194697055276579,1.21871805349296,1.117418689903793,1.1450488257056124,134.84792167919767,144.1546797832713,243.51629704805038,123.4196866035557,123.02853190781036,121.84996587517053,111.25987847734936,110.76503096612784,114.68790050425184,148.9948164852139,97.3539275101811,67.51543617294641,355.5219158108434,151.3080820668985,122.73214830986448,239.97111702988303,1.0,1.0,1.0,1.0,2.0,2.0,2.0,2.0,2.0,2.0,2.0,2.0,2.0,2.0,2.0,2.0
2024-04-01,1085.7207037343194,1218.3558965201764,1903.6402691763794,1455.0663703152934,1469.7955847791075,1397.5531999305715,1437.0773607771112,1155.1711499037085,1390.6193516033727,1397.8556587269547,1013.2661932559027,1263.6333716607264,1878.7571261097264,1757.9517271216152,1587.157132654214,2116.072402163987,91.60018368807701,482.1713167025207,292.7167281276048,341.2305914549479,274.5635110956589,265.9203413410469,466.1374939834525,132.3771622161836,225.5952457620856,195.57276774386182,129.6964052289892,251.31018070225497,755.5983762225796,214.78327246782771,266.3883841793841,333.53840587664666,0.0006786674037140668,0.08250388545352341,0.9184181011361972,0.46301643820689237,0.43058306266339225,0.36076396637655306,0.3433091590767075,0.01236255202832826,0.329063999349435,0.17618086394832463,0.0,0.22644590088536276,0.5531626106781189,0.9259512261766514,0.5591524765377347,0.98085435256095,1.2319506156714939,1.1841922370176086,1.1129538880139198,1.7257574903844142,1.2441267674190188,1.4970678155466883,1.1637268246936114,1.1272060817751022,1.1490055933833574,1.0939781593360296,1.2045054762072296,1.2871019710176386,1.172908780532587,1.2115730376747427,1.0979704510721422,1.145630080859132,104.82548993507251,122.6590332261025,274.8034904541016,126.3865848082627,121.08188807507689,115.06699523107473,111.89275653862362,103.75046985826158,120.72308960970845,140.08019918092273,92.97746081019419,65.99888116039673,406.23478598598246,160.23990148380398,142.10538939822,261.1835430365935,1.0,1.0,1.0,1.0,1.0,1.0,1.0,1.0,1.0,1.0,1.0,1.0,3.0,3.0,3.0,3.0
2024-05-01,1150.1011196187835,1243.6840933390652,2073.262032476715,1235.7058792736705,1623.0803988750697,1534.9427583128775,1548.3308022949757,1286.0637385848297,1567.316472852458,1527.919041851703,1184.528030196652,1408.5046567781992,1830.3241798184372,2195.0076280255935,2166.481798627557,2729.479905852596,79.03516275010557,366.6729753096191,285.7487795828014,221.04314757914707,270.0564872301985,263.0291075610321,516.6934232861685,99.2109213278452,238.30386217102432,188.1824663962729,127.29735186060604,240.6119779232182,623.759457034561,328.26861295235165,282.5577320387525,256.47012154847096,0.0020551581459244527,0.1318408782778348,0.9501267859755204,0.13724572699564444,0.7193119702131029,0.5442795506955297,0.48593096135274844,0.021867428713424862,0.47401805318370355,0.4592652402099314,0.010601592746384225,0.3462343336782799,0.7344078610183271,1.0,1.0,1.0,1.2925368900646261,1.2021155012627822,1.1661320674972124,1.7791505134288184,1.2535926713754755,1.498654790271809,1.2095052052604371,1.1277484186864075,1.1544439802331201,1.078621624832716,1.1675779810164777,1.2446908176338907,1.0575113917643686,1.2027818361202707,1.0024904194926647,1.091716329779707,102.38664101626902,92.1829926356785,331.7202460746508,133.33715955208345,138.39705641226237,145.26975922302782,135.05925468060957,131.507910839565,136.1216918693085,154.8290062391288,115.09183991090923,84.36517477271943,174.66666863584695,174.11334850457797,120.17043392085164,268.055080929795,3.0,3.0,3.0,3.0,3.0,3.0,3.0,3.0,3.0,3.0,3.0,3.0,3.0,3.0,3.0,3.0
2024-06-01,1103.7518184455316,1375.9181574683405,1921.7535882056522,1368.5467383721618,1624.754225091765,1491.157969451265,1541.0421471536872,1373.1921061895591,1697.3425361199224,1596.0718611223258,1269.3480672403766,1544.9708941780696,1438.6862155299923,2086.5031992167037,1951.8349876998022,2391.265058900676,83.93494646526214,466.49572027398534,325.8707467675062,391.9450311468382,286.66347150315073,297.84106353112327,507.2256868216462,156.51307727418433,234.02872212289418,240.14536915121664,145.90709775711014,233.32451584777172,410.84274179261456,242.12255383912523,294.0219464642509,246.02768787237815,0.0003393337018570334,0.2896398928606859,0.8978031891549225,0.3922318335218914,0.6777014180464233,0.4677341367254337,0.5131317339190699,0.1663664036777039,0.7829551923233312,0.6678239806217198,0.05626767767948487,0.518374152006439,0.34026474382765154,0.9545050891454334,0.9495169717701009,1.0,1.2696788506325174,1.2123000649003952,1.141323784060552,1.8238863961181573,1.215275032977747,1.4436855254544503,1.187252025388602,1.098743925318996,1.1353026743990777,1.072194648730196,1.1403198913000565,1.1601906091587832,1.1154823764407094,1.1578294080636569,1.0525472224503591,1.0708710929666732,107.50387107279339,116.16050781137888,324.0946788732231,118.63386665149669,122.42037859042986,135.06774636143757,122.56440867353231,127.32522056526342,143.89328722618572,139.06229123708334,110.2468653979532,85.23535662589731,162.2625630494817,174.3267428474777,156.91714870462638,270.45275842600716,3.0,3.0,3.0,3.0,1.0,1.0,1.0,1.0,1.0,1.0,1.0,1.0,2.0,2.0,2.0,2.0
2024-07-01,1090.0930239558716,1207.6314165095953,1967.1238642089672,1273.236003166494,1575.9539663048918,1456.4062151305523,1478.674960393355,1308.7139839721692,1634.0610446992498,1522.845215987082,1232.968315580429,1503.283178107394,1516.6023098810606,1550.143503654622,2446.247104963102,2354.3931415255634,83.77815787638549,443.6769698598195,346.94866271854374,286.04438712666973,278.1351012045659,289.1581202263601,479.4869635473743,145.6935193111432,208.25368228863186,247.0885801487145,156.9980638268334,170.33226397728498,330.3639114555372,177.28805757132355,372.75364715419886,349.04571121457997,0.004356606881906429,0.18997387652524728,0.8960720729506998,0.20875144623530123,0.5992434445060604,0.46792010711894705,0.4546780026888337,0.06454618873081941,0.7303407335122387,0.4529672991522003,0.057842370263384894,0.4718523628837531,0.5049184384002262,0.6246328301113465,0.9974438973048152,0.9890044263331694,1.3045977214426443,1.151424463958666,1.2832409175369557,1.6522888544339558,1.181191438300077,1.3946424521188008,1.1792634519376102,1.1021163313377094,1.1290625638735388,1.066983187261076,1.1245745329451187,1.1228046768397244,1.1109580717340684,1.1359064724618935,1.1304785265137673,1.0744142272662156,87.70016438729402,70.08933955297684,434.22939302801524,130.339136560739,149.15052008937496,154.52992032481143,144.18312576379478,139.67915626666402,168.01704708664823,156.30967811187648,123.30284707191313,103.42044281204268,147.18677731115173,104.499218631208,151.8631336466032,242.47008990753415,1.0,1.0,1.0,1.0,1.0,1.0,1.0,1.0,1.0,1.0,1.0,1.0,2.0,2.0,2.0,2.0
2024-08-01,949.305372053869,1114.7732989429364,1775.0279051055727,1382.0485977793953,1521.709194855951,1439.9540901088553,1383.4502534194266,1126.0815887018289,1509.6136320511773,2412.4410981025435,1128.634397170235,1431.4560691426175,1403.3754449216212,1818.8502629961076,1786.6603048110733,2115.6604604323293,88.55336187870618,426.1484965557978,341.1218317726414,338.84844824107904,310.5187133307036,292.90699486887985,339.04613520060417,133.15102130807756,134.44383115787824,1349.430397708598,123.5008410655856,258.2853471677949,264.7487266683707,184.93707006482273,290.94443702383927,257.16964927170807,0.0,0.08042062101121,0.7880479836153508,0.35042962402689587,0.5080507803216352,0.4341106895782194,0.3285300410899245,0.0,0.42250142311132804,0.5564796124343966,0.005115243425407715,0.4416810394388871,0.2619762119364473,0.9435412254935446,0.8006866393514509,0.9876695004566852,1.2941737564842517,1.1716168480020592,1.1735631085383564,1.7955297918296502,1.155451193426305,1.2756922931022505,1.165377607564164,1.105058458852613,1.1298628182340342,1.0316385760132165,1.1222995955839048,1.1244116966999225,1.1427796820619491,1.1783047051692217,1.05935325744821,1.09053948037206,82.88198725053485,77.73790372042701,329.08447403618675,118.91791814355979,116.7514229223256,135.23895449401218,115.25466657322275,114.75991392641521,142.7609942384307,149.55407739517605,101.22494551176084,100.89765299703599,159.90819105646224,166.0027449256801,158.4874184704755,249.80978011541643,3.0,3.0,3.0,3.0,1.0,1.0,1.0,1.0,1.0,1.0,1.0,1.0,5.0,5.0,5.0,5.0
2024-09-01,912.9698102467885,1101.5027280843885,1151.8113164610465,1214.2317875842252,1401.346383255433,1323.698015076001,1292.6657924801013,1075.552432130211,1406.146627903825,1936.4088547974704,957.94339297774,1399.0758767391055,1318.1824128566318,1594.3999590135943,1645.0395636248224,2164.333907117263,124.22428280366316,499.96423925259967,481.0866532159409,313.9154912642503,313.86165517261156,324.34939609148955,303.45556037536454,134.5103488938874,148.09618944194804,1053.9652973758493,109.75015000215072,239.51304524165897,217.68769436760442,165.60283936400825,327.39843453202906,215.74359605299296,0.0,0.09399490757580774,0.2875725362071488,0.18338423867930273,0.33851897330270153,0.3006211411143348,0.21785234136827558,0.014598993601292166,0.19350248027974312,0.4629794105773113,0.0,0.2618834080717489,0.17449764063411274,0.764464785846028,0.597930058013508,0.98085435256095,1.2711164719430343,1.1774047245143189,1.118269447333338,1.7599518590022405,1.2000776318009738,1.3950459129039041,1.1719158164382648,1.1086251162689973,1.1308744846765322,1.0614561814056709,1.145894161236809,1.117473015281387,1.1308653969327929,1.1359216399312875,1.047118322247048,1.080444450581098,86.76286755037802,85.2234585024166,143.15736671513815,137.78342030576047,132.36873197687407,136.58454170964734,134.10402369873637,115.01629135552255,159.3492285471968,137.66908172596146,118.90082764512464,128.74308744445145,160.70331086527833,157.917482378523,146.1613392549266,258.9371813484793,5.0,5.0,5.0,5.0,2.0,2.0,2.0,2.0,2.0,2.0,2.0,2.0,5.0,5.0,5.0,5.0
2024-10-01,813.1951378588824,1224.5230592021876,1049.594270655548,1978.2976445727907,1274.475062056035,1291.483281261624,1329.6703653910488,950.1135718871014,1477.886476376352,1713.813699367515,1058.3800859895823,1502.6670365260052,1333.5100778207832,1620.4773550105876,1732.3032790788045,2303.998700203753,142.85918020082195,860.0203142343754,292.79199194652887,319.9303031807184,272.99553222441443,273.5463392168544,265.91848390162767,88.93866238142007,176.28398860098656,911.9211969760283,83.73742423312142,169.82885335415742,193.42461832408344,164.87352810033215,297.4212536034448,212.31760100959505,0.0,0.17464700241394143,0.06636758180133613,0.9327280244345654,0.17436425572367906,0.2424681990627094,0.22896744996307586,0.0,0.37252988533788745,0.4319741622930965,0.0,0.5040473726572382,0.14941943693335455,0.8295990163262519,0.7267175381222661,0.9890044263331694,1.2921418834613345,1.155581753921421,1.0976922140580823,1.3834807665218463,1.1843915541707335,1.3956332368106974,1.1967503733006313,1.1070883427806215,1.133488172561223,1.046829776318249,1.165030897124339,1.172290592994777,1.136794114856705,1.1811004989491252,1.0565799667128901,1.1059839871750665,91.75483090736091,101.67060823613139,132.41586284744892,89.14549475693929,103.25457710485983,122.2082163293889,128.8745366754365,94.2736469236859,150.55560005207425,110.02198090966581,110.17342228552218,149.23399603999573,153.8278266694644,172.92842900946974,151.1307573467829,268.8334668683069,2.0,2.0,2.0,2.0,2.0,2.0,2.0,2.0,2.0,2.0,2.0,2.0,9.0,9.0,9.0,9.0
2024-11-01,,,,,1338.794843737621,1295.2617564283782,1286.7915254397753,999.4008096746807,1214.1856008240493,1843.816471538151,893.5701457008562,1349.4911061285493,1298.0338075629315,1454.886171641961,1442.1831196982805,2116.1477200871223,,,,,278.13940841596167,321.07623134110366,351.68881722587855,94.52058145351363,212.93777529465802,1052.021568265716,103.1976413079051,214.4333654505849,201.48463923945636,192.63991435091296,325.96316026449233,241.1510194036279,,,,,0.2614275528796642,0.2582942795506957,0.17240726363825712,0.0,0.08652516874034322,0.40056519983851435,0.0,0.24057721053236752,0.14124030185744835,0.40907848896782567,0.4462604468167757,0.9831904728447973,,,,,1.1839815612732072,1.404655967553811,1.223151352402904,1.155589759721003,1.1220660582185242,1.0457592866849164,1.2089263528910754,1.161232968233152,1.1729109450919564,1.2452475403070444,1.089959281125419,1.1227154874165253,,,,,117.60982563953137,120.36150706848333,128.57905344858827,114.98446459428455,121.56774475145379,128.31191068171265,105.2413261124858,116.77848304790922,169.76467884424693,152.60503385179163,131.2793095677951,254.15646535572645,,,,,2.0,2.0,2.0,2.0,2.0,2.0,2.0,2.0,6.0,6.0,6.0,6.0
2024-12-01,793.4780883471763,1135.075206948624,739.9385738203207,983.6075000186952,1389.887771000026,1277.7407045798311,1340.9789911192745,1029.4609036880577,1223.7921579789113,1913.2958013726288,673.9618078540716,1360.1260856233935,1370.7423431065886,1543.5210396885038,1508.7824489301563,2195.2463406637166,195.20439829682118,457.20047780758625,217.71599913864654,254.97495162228822,270.942355034805,281.63076789133726,425.425120566928,112.47960154333265,217.5925170110552,1087.6550310696557,171.75078988659428,233.91351889949644,198.89875962097756,225.03445632289225,344.2553840009984,266.6873418152956,0.0006978233384963187,0.07119473562382203,0.018603403715804358,0.03920299214465878,0.3107918086033432,0.21924049691289166,0.21505936263278477,0.0,0.07180613157680737,0.3702866370609609,0.0,0.24184201448775441,0.20822155064241907,0.5750734339777309,0.49147088674209743,0.9791681304011804,1.3287442234231572,1.1902386374065512,1.1099523506795161,1.6715162635466294,1.1634448148211092,1.4048536726787284,1.1800196919142818,1.173542693671488,1.156859614445334,1.0708675672456216,1.2260868685041575,1.1922666970950597,1.1851171000171066,1.241628435432947,1.0966513034679193,1.1275779801089238,70.44601933502064,75.2762974458148,47.93674507469702,79.66420681181297,129.48233248678943,130.46493834844807,136.69528331218916,119.20678449556422,120.78462633793264,133.72593967571748,70.18634492892494,90.71897793209912,169.27142692251343,157.96803846516775,138.59545657445713,258.2004336021236,1.0,1.0,1.0,1.0,4.0,4.0,4.0,4.0,4.0,4.0,4.0,4.0,7.0,7.0,7.0,7.0
2025-01-01,692.6002165532874,1180.031304079451,718.229116886917,1030.9560697013287,1407.4507446724244,1363.1109313397326,1354.9109497390064,1011.3715392102054,1217.192797701337,1964.298533171848,858.8854218905675,1446.4194856463914,1366.1566713205962,1475.807010952478,1502.7395765724077,2182.999918030867,138.73126449097097,706.5672695323785,181.10276425453,280.4466770946083,231.562226284175,275.8007464876818,417.68077898009176,109.64071465356449,263.2541526755463,1099.2867649297966,217.73350928361816,262.80707636452826,191.0902473750822,203.05574191348606,313.9627039928887,253.07133720836072,0.0,0.11849806554016078,0.0,0.08978356948499601,0.2857383347857087,0.31817674626199527,0.21876124292287588,0.0,0.14519801577620564,0.4800968914008883,0.005115243425407715,0.46063010233413826,0.2331018150327837,0.4424140993237244,0.4909270884236123,0.9774116489847537,1.24207995782023,1.1343375270099076,1.1543309576748795,1.5532448514332544,1.1798721398414729,1.323700832911786,1.1602710583774516,1.1670724826617758,1.173776974938826,1.0761007495958033,1.2645023850105848,1.259594155846322,1.190943911594708,1.2323007983000165,1.1133592397010594,1.1512077208400369,69.90232713358225,101.72025054284178,72.43520319273776,101.16049512371865,124.25676660349178,126.00990733757843,129.8824230514306,120.20722892194465,117.58792146556533,136.2909999139313,67.86809523984628,85.34613875818334,175.94029662795697,153.38256208001124,135.3150056744916,244.9846905381585,1.0,1.0,1.0,1.0,5.0,5.0,5.0,5.0,5.0,5.0,5.0,5.0,3.0,3.0,3.0,3.0
2025-02-01,1044.1878257649216,1464.266175611477,1164.1477137887875,1185.912049663962,,,,,,,,,1537.4255518441923,1680.5937905594647,1596.2113921988782,2171.69302267032,202.35926985848795,456.57189812535546,192.2375951321224,304.8613439632586,,,,,,,,,165.93000194809636,195.5091506232906,358.60873433220075,278.83663197152504,0.005473124223500542,0.27365166495816945,0.06786706978105038,0.15609405897755568,,,,,,,,,0.5711256030963362,0.8954505089145436,0.5508075530328668,0.9791856952153447,1.2613593437044173,1.1543964324708331,1.1053866361660831,1.507166598363576,,,,,,,,,1.1738839782399446,1.1840654699208972,1.1039390121468369,1.1250521816566799,107.71743363601935,92.41112851349956,95.4963304890673,113.98011393292526,,,,,,,,,172.39158257580044,179.36178338785706,153.39269724373392,251.78597439218223,4.0,4.0,4.0,4.0,,,,,,,,,2.0,2.0,2.0,2.0
2025-03-01,1088.0267982405785,1364.4826063952912,1156.533793338859,1243.0661459685398,1453.2237087063286,1418.1593394331621,1502.2815212108574,1131.2689217452528,1406.4308435661826,2121.997645000674,930.6929349461387,1426.6398509064445,1584.6619385092101,1669.8254548352584,1679.3670705475956,2071.5651010562306,202.01564232597028,416.7910862334682,152.7952911013252,261.9466807109732,262.78733702604563,286.3218664851533,456.2838881707449,135.60022622015615,174.84827079628704,1188.9009049025078,235.55110075650526,178.5371483922896,168.07338139373894,179.85849483667286,325.4785451130652,265.5443814942621,0.0018198138043139292,0.17377070864058736,0.024064953430535913,0.20653682331411424,0.4340093480155274,0.3999107342111138,0.3530325121660261,0.0018015779337764801,0.3118646824428723,0.5180460234154219,0.022466951515516243,0.35852592848108544,0.6848028559814785,0.8128970558098233,0.6332017692240233,0.98085435256095,1.2299591206559786,1.15435586974619,1.0981855159093652,1.544477929689208,1.225026996909067,1.4829005302456564,1.1863626950192185,1.1268028449045766,1.15668157151831,1.0673971673268001,1.2392353554058444,1.2321227215058639,1.1885808081207287,1.2159934997362007,1.1283696542690553,1.1549515787573654,102.40086152906352,97.79741550939235,56.02230675302603,141.99778744887075,122.01892332573776,124.54573019897349,131.42895574928278,118.86023019245215,128.766593443613,127.77204134041386,57.045837620779075,76.20256103437552,170.93134353294244,168.70226453129396,165.43807618642802,235.14436761387424,7.0,7.0,7.0,7.0,2.0,2.0,2.0,2.0,2.0,2.0,2.0,2.0,9.0,9.0,9.0,9.0
2025-04-01,1113.6166176822135,1253.8563374227037,1115.0685335088829,1321.0315500971628,1516.013972510496,1454.2122852041962,1528.1295011140342,1147.5201383280528,1452.4719918137218,2197.1763692638956,958.3318756561221,1503.126091372504,1577.5992282723312,1693.879044561332,1685.1091155132838,2121.2985315815354,193.12013972502746,339.4737157596673,188.51647058977585,307.4213630429123,267.3023970836887,284.4241284863154,488.76897231986743,157.4816573106113,185.15217166519244,1220.7196148135936,314.84710809453793,187.85353769205003,153.11715933038963,182.38761713368558,315.27988232346365,225.95922521364614,0.0,0.08167719321451015,0.04352172428926708,0.24814353064095865,0.4947714489424069,0.4266160827196313,0.4631421484160498,0.01764303907560415,0.4311214117264374,0.5180460234154219,0.03225612324727689,0.6045647924571692,0.6807698425322093,0.921579342851288,0.6352040496685846,0.9777453804538749,1.276439858550429,1.1687892416335257,1.0980054683380198,1.7405626256052125,1.218511261407185,1.4595374743037999,1.168378234373029,1.142596044437632,1.1483925899816492,1.057735965899645,1.2761457456413277,1.2093227228593035,1.1966524386070012,1.228185174268637,1.1221727336287197,1.1516546664896832,102.94959569112598,96.7173132164546,64.61398885688214,121.89603092063021,130.21481261659508,131.06091150750623,127.86741063675872,126.70404763768525,132.78072131744662,124.81797458162337,75.00862973478249,74.73140452721009,167.85709920550295,164.20514565194986,154.37759751756954,246.48169442970413,6.0,6.0,6.0,6.0,2.0,2.0,2.0,2.0,2.0,2.0,2.0,2.0,5.0,5.0,5.0,5.0
2025-05-01,1194.5984879582234,1540.626172525161,1309.4834426456018,1399.864681518423,1539.334848424833,1500.9713915544662,1498.8880599370077,1254.2091901182418,1575.2403973868975,2172.4036603418117,906.4135156098507,1499.6423287723715,1625.4227665553249,1843.1370027551977,1831.2877883446768,2127.1574568491064,196.59336655999607,667.4739322354128,154.37711464350872,411.2293327675583,283.1363985317985,278.81864688214915,495.42252151648285,112.30976264367283,159.35898320828838,1085.523128961596,162.47367615378482,225.49806794080027,154.73107545130244,176.4140487375609,461.0510025023227,191.68928509884364,0.0036533104191866107,0.31740021824675124,0.09310235529331445,0.3782069566722326,0.5330943515804485,0.5017853157777286,0.35547518509401466,0.024228117040442317,0.6176303163373182,0.5307226483649576,0.0040119556277707575,0.4506726457399103,0.8101655974409275,0.9522508368057927,0.7311431041611842,0.987651935642521,1.3172452156943821,1.1447551303764831,1.0987914071373803,1.7166006286045317,1.2151981625733648,1.4139019097526178,1.2258823445896612,1.1174532055222621,1.1472126617708032,1.056328923636484,1.2047193128427973,1.169271815488667,1.2070106882403846,1.2110330938824942,1.1084235568147252,1.1395780951688914,80.70975667181295,100.51366566567168,42.9159430538036,111.24450650319307,143.7914991596666,149.59130606650214,145.3040785429162,137.5788815860434,161.45731491429714,143.70143584047057,62.146641919229666,88.75101426510925,168.71250941832017,186.710763871262,167.0302788356955,246.90307068648843,2.0,2.0,2.0,2.0,3.0,3.0,3.0,3.0,3.0,3.0,3.0,3.0,4.0,4.0,4.0,4.0
2025-06-01,1076.8387544628854,1174.7310163905518,1345.478385429365,1279.1292151816533,1527.4249006443272,1525.8748574226984,1544.7709867893684,1306.3579134828428,1669.8221585210497,2093.314412595882,883.4784257086113,1532.791081215745,1692.1458995340208,1893.9921898126008,1964.8663851612462,2175.772354153492,167.33451096942315,324.67279421106025,265.36854398101195,296.32194725667443,291.5688862817568,325.6873359055697,541.1500301740316,148.70584127573355,135.42293688961396,1051.1420390400224,175.56564425285856,234.63190926806405,170.02007494722443,220.0159196204895,512.8055994628278,229.36359110946273,0.0,0.05644654607982544,0.3085531769639635,0.1839611303230272,0.5148736433494415,0.5299226363162988,0.48846831152600784,0.09492452009691246,0.8758233715540373,0.5101332256762213,0.004021985516840184,0.48452339887317464,0.8647296891292438,0.9522508368057927,0.8102870603566008,0.9876695004566852,1.3530371590271053,1.1907250512024719,1.182788113368516,1.7734587359707112,1.205534389123557,1.4572778105700186,1.247292780099017,1.1235224532927561,1.1392271611208191,1.0657876011620409,1.2479093417076932,1.1364406164358942,1.1400291482098135,1.1774861681118594,1.0650720704126453,1.09199686680801,95.71646687569238,105.39395018393893,66.92893522395968,179.82777178757007,141.69373407634635,151.1380210040945,138.68487942733145,140.82134332108296,159.12457475048558,139.56759417619705,63.00979814886764,102.35841855648853,167.834114196952,180.28136502114083,164.77522033590904,233.60610401816365,2.0,2.0,2.0,2.0,2.0,2.0,2.0,2.0,2.0,2.0,2.0,2.0,4.0,4.0,4.0,4.0
2025-07-01,1061.8214019225334,1076.7856166572972,1342.20976983469,1240.4522264278326,,,,,,,,,1773.5629694431173,2004.4511066329671,1945.0107540085262,2252.7751645237604,194.89673916272469,277.9213701966579,362.95431730098824,311.3286267459936,,,,,,,,,168.58147632872357,189.78789605772334,458.7438746560617,256.2341951175841,0.0024328037173459898,0.06487880691776071,0.2445140683668991,0.16208732216513833,,,,,,,,,0.9318028383083256,0.9772525445727167,0.852390081319149,0.9916742780861377,1.2790235634557348,1.133261315410618,1.1112589867429927,1.6617060348877886,,,,,,,,,1.169454926293617,1.1956411739802524,1.0972539502359218,1.123634747711358,100.74715789841466,103.19331194563038,86.15394224994994,210.13592713985366,,,,,,,,,171.15722150476293,185.13153743679877,159.20329534230814,232.40326906017523,1.0,1.0,1.0,1.0,,,,,,,,,4.0,4.0,4.0,4.0
2025-08-01,926.0497169482667,1157.8644720743364,1097.9038702231765,1213.8539096694503,1462.2386945786795,1410.761229512261,1409.9332935688897,1134.4702429024042,1545.1186400477088,1767.1614722110085,1005.0329515288907,1561.30589475298,1679.0865713494613,1819.1284923833603,1795.2924707739737,2155.291856952152,146.10600913861273,443.0678058338137,140.20409843735038,415.73968312048055,296.0881265438095,285.9418530892041,441.72974445233325,124.78514873857878,125.68766118633388,800.6441550295715,291.43137112725816,143.61220548000168,189.3450667608123,131.5858097417999,425.0784543675119,233.87953972809294,0.0,0.0659700406732582,0.0031086945920905055,0.24934538823205135,0.39740949061237435,0.38142527709588664,0.2615932286834182,0.01664906504317575,0.6469464096934213,0.48292289059345994,0.06289743435437606,0.7194319880418537,0.8550589399643003,0.9934080196734749,0.7255948577228124,0.9876695004566852,1.35001410601867,1.1549878855567481,1.1375255576261767,2.1032364380792794,1.1551342041839396,1.3788153328533388,1.1680136006190167,1.1272707220259237,1.121271422871028,1.0432249476225475,1.145200365067696,1.1068681382077192,1.1307368863816651,1.1480810407976123,1.0619500764802172,1.0870096587446982,80.16597890568487,97.00570589789581,67.40786373849006,164.08615299115226,124.43267935629751,128.76262975366905,124.51702111361911,113.60671238027595,150.55244174619716,130.80093289247586,55.36285927716318,99.71933508584439,162.29350368603556,183.1904480595727,157.23392116203277,231.70325065389565,3.0,3.0,3.0,3.0,2.0,2.0,2.0,2.0,2.0,2.0,2.0,2.0,9.0,9.0,9.0,9.0
2025-09-01,874.0640018024894,1080.0233898790827,1090.3540864095207,960.0099706105765,1432.943421730176,1342.547245778473,1394.2427082741597,1068.7954794889313,1417.8707137242154,1814.6144933387168,1002.6081990999851,1492.4196255413754,1650.284753371154,1750.737425142883,1842.9929540110384,2293.7109475631764,153.0211691547557,394.32637828494376,139.53990682517934,357.3357816139704,319.8738160474283,300.46254124632884,475.05710723434123,100.5131623571518,118.37814587584185,906.0080317335182,332.1043659704195,133.3415622971221,186.81143092959087,142.9356219404591,348.5135975789883,239.03848830830174,0.0,0.05644654607982544,0.0031086945920905055,0.1052795200261524,0.356719876416066,0.3030201591906571,0.24088731514267855,0.0,0.2522159876392617,0.43689947517157857,0.08080078634330305,0.4595952627342762,0.8159164413339695,0.9846984083612268,0.8331892393088494,0.9876695004566852,1.4019559007813827,1.171185982715604,1.1209202598858987,2.702070279969915,1.1522640920742613,1.4225814391222393,1.1975897030247484,1.1259333386485382,1.1038735208456587,1.0242811322046776,1.1566782359985988,1.08329075153899,1.11788166721178,1.1294425304309823,1.0560858555110717,1.0720374645116133,70.46730246934663,89.26282914420622,72.24084458105979,145.5982549766352,113.2976369981643,119.6961800127417,121.89326253200228,107.13710958728993,137.04010027921763,118.3017253279294,65.54336398636639,107.26114689825093,149.45378334640392,172.84293817914957,150.51789825290044,234.49091529406167,5.0,5.0,5.0,5.0,2.0,2.0,2.0,2.0,2.0,2.0,2.0,2.0,6.0,6.0,6.0,6.0
2025-10-01,1018.608430800559,1242.0241311464563,1131.823513515709,2219.4892847718734,1471.3149310781916,1359.1464082918008,1391.657340958008,1080.751796400986,1352.187362771408,1945.7946440586734,867.174703951108,1505.9443141313104,1559.7212790649724,1616.971047658082,1758.6674794404987,2294.4954331483177,155.1741139866083,563.5467284713278,113.47382118895514,917.630897835161,280.12194918230267,307.1839753809625,471.1943027611361,116.76215316137576,165.59961393998705,1073.6944155560316,270.54932409973185,176.8500147828943,194.4728389209233,178.67012065944252,357.49662679206125,248.52624199026673,0.0,0.11385205515690626,0.006217389184181011,0.7527153969174754,0.45710211518656424,0.3337052741203602,0.2576451875556229,0.0,0.23639912173700914,0.47807832054905136,0.014302621813002748,0.6101759227319766,0.6627750384391071,0.6909283420998706,0.6999761931611713,0.9890044263331694,1.4388491796344653,1.1792737157816864,1.1122079143229437,1.662464714201474,1.194986672154538,1.4846146967976759,1.1984280793674118,1.170306309296594,1.1147419280200446,1.0390931354543143,1.1724561593911944,1.0957801070385185,1.1134637178062263,1.1260808657036443,1.0528595989626184,1.0770136751162036,69.45702691224932,89.17437553073349,57.236892007368596,102.13226406263546,109.79803989832479,120.16137458675381,113.10032627602148,111.49160309201119,116.9665624250243,133.70592782608776,57.41367121074894,83.15641596065768,159.42830468452073,188.44120434611696,163.63005928806166,247.9974865381625,2.0,2.0,2.0,2.0,3.0,3.0,3.0,3.0,3.0,3.0,3.0,3.0,11.0,11.0,11.0,11.0
2025-11-01,745.7470294618324,1084.6389807435828,775.7346901870917,811.144371407115,1438.9518075470705,1352.5379317612653,1361.4485018903897,1076.9853802986063,1276.9991190263218,1881.8448391871893,831.430205345263,1373.3574182668353,1532.2843103641233,1615.49028849876,1629.6101300187563,2199.6662919506307,150.87801598889988,581.8159331943021,104.43329619307869,332.209237852361,297.8220978343257,319.3848362419887,430.10615261211245,119.87161808227725,222.6017662957707,1007.6640110315237,241.35726185603292,256.88477720339716,205.68823717413414,188.13607660311638,427.25495380775794,280.1547496594966,0.0,0.07693197976257404,0.0,0.07105061583182967,0.3919729858195359,0.3593877854645543,0.21140482096532914,0.0,0.18061315768073524,0.4588615260395641,0.009187378387595035,0.36398758192480163,0.5838432037891238,0.7386775052940777,0.5653973862596959,0.9791856952153447,1.4131517248015337,1.196481666912783,1.1251824407376791,2.5355777406677182,1.2012822813180632,1.4654724452586037,1.2009928588724006,1.1494575350302585,1.1397404713396528,1.0591184163593657,1.2721183206435798,1.1931562925002699,1.1521130644127313,1.185132624944742,1.0947215216779695,1.1189103260178292,86.11734471408435,109.92314952487779,62.77037847772325,143.0727784299729,120.1828432124008,121.84763786865315,118.82666199568733,112.21478519146993,114.31081468824188,140.2929215166417,63.88209331477606,74.30180921501618,152.52056993470646,209.51206922680936,157.4358545359609,245.68270099525137,4.0,4.0,4.0,3.0,3.0,3.0,3.0,3.0,3.0,3.0,3.0,3.0,7.0,7.0,7.0,7.0
2025-12-01,783.01159572586,1227.344174024228,1029.3090773882093,787.7989393740288,1778.4657140405084,1665.2946948845745,1718.1341923715383,1413.996893831149,1681.4952969558979,2135.4422285022206,1234.4523045341784,1671.8150588325452,1514.4273462582985,1561.3274130746624,1587.6059742635573,2258.7460479168135,145.4365885151228,447.9522598659389,59.39433651255429,185.9919287773764,288.7263217658449,330.3477716031517,440.8394076520258,104.0562657551636,204.6944564258225,860.9112548980986,306.98222226311856,408.4354299542872,189.55318355527393,217.460757105654,421.276774067028,258.55666220768256,0.0,0.04369895175424095,0.0,0.0,0.8378257941852174,0.6410585434798782,0.7032152392493987,0.19544014412623467,0.8165406196633327,0.7603552684699234,0.16236384425588254,0.7083247096700012,0.535012282841136,0.645262654552907,0.539793757596262,0.9791681304011804,1.3191354361481438,1.1572088430997187,1.1016492618596003,2.0198696735981345,1.1384558701793426,1.3204928565271825,1.1295150619529017,1.101154949617283,1.0866589053252378,1.0349033977238977,1.1205900539579097,1.1539349899378724,1.1585712001900474,1.190858586565739,1.1106466944159592,1.1204766493776182,44.85458994193583,68.70445702778827,45.332565559169254,94.4059177935868,82.04904197661335,82.69463200681328,107.91465685104046,57.46353927536466,65.38570673300994,83.31891302377633,45.153918002476615,46.1859424032886,164.46204548418967,214.10141471873493,162.5446117803684,254.9436869740299,2.0,2.0,2.0,2.0,3.0,3.0,3.0,3.0,3.0,3.0,3.0,3.0,5.0,5.0,5.0,5.0
2026-01-01,994.2656800448126,1486.6301819825185,1080.082110173761,1129.7325669221018,1341.0607521983686,1289.4587083736283,1311.1757903972027,1013.8891511875918,1180.2692526632516,1883.0098775400354,725.9959512681119,1327.7734391169372,1722.6649111334978,1686.015073889382,1679.9696517101308,2293.7426754724943,183.133118756877,429.5597919502559,147.28211196071874,270.3157087642583,270.4221815003735,278.34112233235174,441.35224902919197,106.88105358229394,208.06265086549806,1056.161564186319,210.66875286334133,674.4306464884845,178.5826080383764,264.9073552083235,422.0346046362623,329.0934719812265,0.0019155934782251888,0.277735524618895,0.010630516409031062,0.1044334122820231,0.23841400617919672,0.23543851818790468,0.15273333207097006,0.0,0.08229649508010087,0.45119095680258375,0.001514513249483461,0.23763366678164885,0.9083823763321139,0.7735501058815495,0.5926699996241036,0.9746891027892925,1.2904707008074359,1.143830679018632,1.133462395525534,1.7206917435946054,1.21253193455126,1.4276304055035416,1.15706734615446,1.164372295629844,1.1742914508459454,1.074432792737339,1.2701566212217275,1.3448340319044159,1.1374978158543978,1.1631199332378062,1.094843125850767,1.0999889834433887,95.54990957127283,121.09070401861665,73.57922152093411,119.11219202519872,127.36263715546679,124.18779515213896,132.5946438275495,116.24104609171069,117.44018647676138,142.87105878454366,66.61427352472907,83.81701215449948,187.02557166713365,235.44116840562646,186.2776692658497,277.24747611243305,3.0,3.0,3.0,3.0,3.0,3.0,3.0,3.0,3.0,3.0,3.0,3.0,3.0,3.0,3.0,3.0
